frame,Frame time,GameController::Update,GameModel::UpdateUpTo,GameModel::BeforeSim,Air::update_air,Simulation::DispatchNewtonianGravity,Simulation::RecalcFreeParticles,Simulation::UpdateParticles,GameModel::AfterSim
121,42776.06,28919.61,28917.21,2111.48,654.92,0.06,1390.15,26803.19,1.41
122,42809.94,28686.03,28683.58,2110.01,654.53,0.06,1390.40,26570.96,1.46
123,42830.47,29063.26,29060.84,2112.50,656.04,0.07,1385.12,7.61,26945.71,1.46
124,42733.82,29129.37,29126.95,2104.90,654.47,0.06,1380.82,27019.42,1.47
125,42643.09,28917.92,28915.49,2108.68,656.99,0.06,1377.84,5.72,26804.13,1.45
126,42917.99,28814.07,28811.64,2086.10,649.08,0.06,1364.96,26722.84,1.46
127,43390.97,28986.57,28984.16,2073.84,649.59,0.06,1353.90,26907.65,1.45
128,43268.59,28871.04,28868.64,2081.23,652.72,0.06,1358.56,26784.72,1.46
129,43349.33,28674.23,28671.84,2102.60,662.28,0.07,1371.66,26566.55,1.45
130,44068.54,29027.02,29024.53,2126.25,666.08,0.06,1391.87,26895.56,1.46
131,44246.20,29411.39,29408.88,2158.51,669.31,0.07,1421.04,27247.62,1.48
132,44206.11,29626.50,29624.00,2140.03,668.69,0.07,1404.52,27481.24,1.48
133,43889.38,29394.51,29392.02,2115.09,664.43,0.07,1385.33,27274.22,1.50
134,44075.01,29225.97,29223.47,2107.22,664.65,0.07,1378.19,27113.53,1.50
135,44054.56,28938.94,28936.41,2121.33,667.57,0.07,1390.56,26812.35,1.48
136,43817.14,29084.12,29081.56,2164.77,658.91,0.07,1442.33,26914.05,1.48
137,43946.16,29191.36,29188.80,2192.02,668.00,0.07,1461.02,26994.01,1.48
138,44213.15,29431.15,29428.58,2192.32,670.66,0.08,1458.75,27233.50,1.48
139,44122.63,29452.03,29449.46,2205.00,664.28,0.08,1478.88,27241.68,1.50
140,44353.12,29586.46,29583.79,2225.56,662.91,0.08,1493.89,7.87,27355.25,1.61
141,44396.54,29653.72,29651.06,2272.94,660.78,0.07,1544.64,27375.16,1.60
142,44357.81,29573.20,29570.51,2289.52,667.32,0.07,1554.61,27277.95,1.59
143,44796.46,29829.82,29827.17,2275.43,672.74,0.08,1536.19,27548.76,1.56
144,44470.49,29651.93,29649.29,2250.38,669.97,0.08,1515.35,27395.98,1.54
145,44710.79,29622.32,29619.60,2282.79,668.76,0.07,1549.89,27333.89,1.53
146,45180.12,29954.43,29951.72,2318.22,664.72,0.07,1589.47,27630.54,1.56
147,44610.95,29645.11,29642.43,2284.24,661.20,0.07,1560.05,27355.31,1.52
148,44494.14,29914.34,29911.73,2260.23,653.73,0.07,1544.56,27648.65,1.51
149,44550.91,30139.09,30136.52,2256.66,656.34,0.08,1538.58,27877.05,1.49
150,44156.38,29832.29,29829.75,2270.88,679.65,0.09,1530.33,27556.10,1.47
151,43479.13,29520.07,29517.53,2265.33,684.55,0.09,1520.89,27249.50,1.44
152,42831.87,29203.51,29201.01,2245.89,680.06,0.09,1506.89,26952.49,1.40
153,42261.64,28923.95,28921.50,2210.48,675.40,0.09,1477.17,26708.46,1.37
154,42030.82,28990.00,28987.58,2180.45,669.84,0.09,1453.78,26804.60,1.36
155,41923.69,28717.43,28715.01,2181.20,676.59,0.08,1448.81,26531.34,1.33
156,41639.96,28723.76,28721.36,2151.68,672.94,0.08,1423.87,26567.23,1.32
157,41728.87,28551.00,28548.63,2127.32,662.82,0.08,1410.50,26418.92,1.29
158,41240.10,28432.72,28430.41,2134.40,669.33,0.08,1410.37,26293.67,1.27
159,41884.76,28704.25,28701.98,2122.58,671.71,0.08,1396.09,26577.10,1.25
160,42046.95,28880.01,28877.77,2111.30,670.50,0.08,1386.60,26764.16,1.24
161,41804.39,28587.40,28585.14,2078.76,666.04,0.07,1359.18,26504.12,1.21
162,41260.00,28305.09,28302.87,2047.26,661.77,0.08,1332.64,26253.42,1.17
163,40933.53,28223.03,28220.80,2057.35,657.78,0.08,1346.57,26161.31,1.15
164,41689.06,28591.11,28588.84,2033.52,652.80,0.08,1328.54,26553.10,1.19
165,41677.89,28688.62,28686.32,2054.34,658.74,0.08,1342.58,26629.74,1.20
166,41554.61,28416.41,28414.10,2043.91,657.74,0.07,1328.43,5.33,26367.93,1.20
167,41489.58,28620.08,28617.73,2046.31,658.58,0.07,1329.98,26569.13,1.22
168,41858.10,28929.96,28927.57,2087.21,657.96,0.07,1370.65,26838.06,1.22
169,41933.95,29068.09,29065.73,2135.14,659.00,0.07,1418.29,26928.27,1.22
170,42448.01,29484.48,29482.14,2130.21,662.25,0.07,1409.93,27349.59,1.24
171,42292.32,29492.31,29489.99,2104.43,660.64,0.07,1386.74,27383.26,1.22
172,42237.51,29217.67,29215.37,2079.38,659.71,0.07,1363.29,27133.72,1.22
173,41995.92,29235.72,29233.42,2072.18,657.58,0.06,1358.41,27158.89,1.27
174,41920.42,28957.63,28955.26,2073.50,649.29,0.07,1368.57,26879.45,1.25
175,41731.28,29054.55,29052.21,2129.43,662.09,0.06,1411.19,26920.45,1.26
176,41777.86,28953.15,28950.81,2114.39,654.93,0.06,1398.36,5.40,26834.07,1.26
177,42012.21,28826.65,28824.31,2114.14,666.46,0.07,1387.56,26707.77,1.26
178,42115.64,28585.60,28583.28,2108.35,667.57,0.07,1380.93,26472.55,1.25
179,41555.50,28346.08,28343.73,2090.22,665.90,0.06,1357.84,7.32,26251.15,1.22
180,41002.73,28095.74,28093.43,2084.98,660.65,0.07,1351.94,13.84,26006.14,1.19
181,40495.95,27849.99,27847.71,2082.89,657.85,0.07,1354.30,25762.56,1.17
182,40011.30,27605.16,27602.88,2054.22,655.71,0.06,1329.26,25546.40,1.20
183,39778.57,27591.66,27589.40,2034.61,650.84,0.07,1315.50,25552.50,1.20
184,39996.16,27431.11,27428.86,2045.14,651.86,0.07,1317.89,7.79,25381.44,1.20
185,39552.45,27284.15,27281.93,2031.44,645.89,0.07,1310.37,25248.22,1.19
186,39061.34,27079.01,27076.75,2015.68,642.43,0.07,1299.51,25058.82,1.18
187,38650.78,26869.46,26867.22,2003.51,640.31,0.07,1291.17,24861.46,1.19
188,38383.20,26789.33,26787.10,2039.37,643.75,0.07,1318.63,6.02,24745.53,1.16
189,37957.14,26654.88,26652.67,2022.37,650.56,0.07,1296.70,24628.01,1.27
190,37583.57,26502.44,26500.26,2021.45,656.51,0.07,1291.59,24476.54,1.26
191,37454.34,26540.74,26538.53,2002.62,649.04,0.06,1276.69,5.26,24533.60,1.29
192,37823.58,26525.82,26523.60,2043.92,659.22,0.07,1308.57,24477.36,1.29
193,38191.15,26419.67,26417.47,2065.59,662.97,0.07,1320.99,6.87,24349.59,1.28
194,37792.96,26275.91,26273.65,2075.25,667.17,0.07,1328.37,24196.12,1.27
195,37705.72,26390.70,26388.46,2087.34,659.48,0.07,1337.71,11.17,24298.78,1.28
196,37974.44,26304.21,26302.00,2081.07,660.28,0.07,1332.32,24218.60,1.27
197,38342.02,26183.24,26181.04,2076.74,668.64,0.07,1321.96,24102.01,1.25
198,37961.39,26052.68,26050.51,2039.89,657.63,0.07,1298.61,24008.36,1.25
199,38349.59,26660.03,26657.76,2098.20,663.35,0.07,1352.01,24557.25,1.26
200,38062.16,26514.18,26511.90,2109.32,668.77,0.07,1354.35,5.46,24400.25,1.26
201,38454.29,27086.35,27084.04,2145.03,664.95,0.07,1396.21,24936.63,1.25
202,38232.84,27040.85,27038.53,2136.28,665.72,0.07,1388.85,24899.83,1.29
203,39142.52,27494.91,27492.58,2145.38,672.03,0.07,1393.74,25344.77,1.29
204,39480.29,27891.36,27888.99,2143.33,677.06,0.06,1387.30,25743.28,1.26
205,39184.52,27618.14,27615.75,2122.16,679.86,0.06,1364.97,25491.28,1.22
206,38802.99,27385.84,27383.47,2116.66,674.37,0.06,1365.97,25264.55,1.19
207,38433.67,27161.60,27159.25,2081.98,672.57,0.05,1334.96,25075.04,1.17
208,38293.02,27177.64,27175.28,2069.40,667.91,0.06,1328.60,25103.67,1.14
209,38481.02,26973.02,26970.72,2057.54,666.84,0.06,1319.31,24911.02,1.12
210,38371.08,27033.55,27031.14,2049.06,666.94,0.06,1311.33,24979.95,1.11
211,38564.24,26881.30,26878.92,2050.79,668.46,0.06,1312.80,24826.04,1.09
212,38889.82,27440.94,27438.60,2069.46,670.54,0.06,1329.88,25367.06,1.07
213,39255.69,27964.34,27961.98,2056.17,665.43,0.06,1323.13,25903.69,1.09
214,38866.88,27682.45,27680.12,2032.34,663.55,0.05,1302.42,25645.68,1.07
215,38704.33,27644.27,27641.95,2030.26,663.56,0.06,1301.03,25609.61,1.07
216,39438.87,27948.52,27946.09,2064.34,667.20,0.05,1327.08,5.55,25879.56,1.11
217,39867.46,28288.94,28286.46,2092.62,667.75,0.05,1356.26,26191.56,1.16
218,39937.00,28350.84,28348.41,2097.48,665.84,0.05,1351.82,11.32,26248.68,1.15
219,39992.76,28134.44,28132.01,2081.97,664.48,0.05,1339.51,26047.74,1.17
220,39621.15,28001.64,27999.20,2062.32,661.47,0.05,1319.51,5.26,25934.59,1.17
221,39995.23,27910.64,27908.19,2068.35,657.35,0.05,1330.79,25837.54,1.17
222,40287.56,27799.18,27796.70,2108.35,663.58,0.05,1366.33,25686.02,1.18
223,40841.03,27913.83,27911.36,2165.66,657.86,0.05,1430.83,25743.34,1.18
224,41282.94,28176.24,28173.77,2145.98,652.57,0.05,1411.81,6.50,26025.42,1.18
225,41282.65,28152.74,28150.21,2141.61,653.42,0.05,1408.70,26006.12,1.25
226,41548.78,28148.44,28145.81,2166.02,652.77,0.05,1434.29,25977.10,1.37
227,41747.28,28069.32,28066.67,2211.91,653.08,0.06,1480.61,25852.08,1.36
228,41992.33,28005.32,28002.69,2250.76,656.80,0.06,1517.53,25749.23,1.37
229,42224.90,27944.89,27942.25,2237.57,658.27,0.06,1504.04,25701.95,1.39
230,42496.34,27943.73,27941.02,2239.17,664.25,0.06,1500.69,25699.04,1.43
231,42695.18,27940.01,27937.23,2232.59,656.48,0.06,1502.18,25701.72,1.50
232,42768.95,27820.28,27817.42,2256.41,659.40,0.07,1524.56,25558.08,1.49
233,43074.88,27803.21,27800.37,2305.82,657.36,0.08,1577.50,25491.64,1.47
234,43226.23,27760.92,27758.00,2273.95,655.00,0.08,1549.57,25481.03,1.51
235,43434.57,27768.61,27765.67,2262.67,654.54,0.08,1540.01,25499.92,1.55
236,43587.39,27773.51,27770.55,2242.34,657.22,0.08,1518.44,25525.06,1.62
237,44026.01,28042.48,28039.53,2276.45,663.49,0.08,1547.30,25759.92,1.60
238,44073.42,28220.76,28217.85,2331.77,672.13,0.09,1594.58,25882.93,1.61
239,43851.04,28047.27,28044.38,2312.10,675.06,0.09,1573.35,25729.18,1.60
240,44033.50,27934.07,27931.21,2286.81,674.01,0.09,1550.02,25641.32,1.58
241,44092.35,27755.88,27753.03,2273.75,674.66,0.08,1536.88,25476.25,1.55
242,43427.39,27575.44,27572.63,2262.23,670.02,0.09,1530.82,25307.46,1.50
243,42760.30,27357.75,27354.96,2240.48,673.44,0.09,1506.63,25111.60,1.49
244,42421.76,27400.68,27397.94,2303.15,679.88,0.09,1563.13,25091.96,1.47
245,42522.81,27334.52,27331.80,2270.50,675.34,0.09,1536.19,25058.52,1.45
246,42854.33,27379.42,27376.73,2253.93,674.14,0.09,1521.77,25120.01,1.46
247,43262.94,27642.79,27640.10,2237.27,671.41,0.09,1501.08,7.12,25400.05,1.46
248,43136.02,27600.00,27597.27,2256.65,670.73,0.08,1522.24,25337.85,1.46
249,43390.40,27643.89,27641.20,2312.57,676.09,0.08,1573.77,25325.88,1.44
250,43381.50,27522.23,27519.59,2298.73,678.46,0.08,1550.18,7.78,25218.13,1.42
251,43968.47,27829.20,27826.59,2288.95,673.06,0.09,1539.18,14.70,25534.91,1.42
252,43643.48,27663.52,27660.90,2254.07,668.88,0.09,1510.07,25404.13,1.40
253,43416.80,27912.43,27909.76,2257.12,672.24,0.10,1510.36,25649.90,1.43
254,43330.98,27904.27,27901.61,2291.15,682.91,0.10,1535.33,25607.76,1.41
255,43369.57,27754.71,27752.09,2258.38,682.98,0.10,1504.15,25491.02,1.42
256,42725.08,27580.98,27578.41,2230.27,681.57,0.10,1478.82,25345.51,1.39
257,42866.23,27370.09,27367.57,2211.88,683.38,0.10,1459.96,25153.12,1.36
258,42413.20,27305.74,27303.27,2178.88,678.30,0.09,1433.48,25121.88,1.33
259,42802.59,27426.07,27423.57,2234.51,685.06,0.10,1472.19,9.54,25186.56,1.31
260,42923.57,27475.49,27472.97,2295.49,691.80,0.10,1527.89,25174.97,1.32
261,43067.14,27484.35,27481.84,2255.61,681.21,0.10,1500.42,25223.72,1.30
262,43083.08,27314.28,27311.81,2231.07,679.61,0.09,1477.89,25078.25,1.30
263,42690.09,27363.74,27361.27,2238.49,676.11,0.09,1490.23,25120.30,1.28
264,42701.17,27227.37,27224.91,2229.60,675.33,0.08,1483.54,24992.85,1.25
265,42072.82,27052.89,27050.46,2211.76,670.87,0.08,1471.66,24836.29,1.22
266,41657.54,27022.08,27019.66,2236.08,665.24,0.08,1497.27,5.94,24781.23,1.20
267,41876.91,26969.05,26966.68,2204.07,661.79,0.07,1470.37,24760.28,1.18
268,42400.01,27204.45,27202.07,2199.13,663.95,0.07,1464.94,25000.58,1.19
269,42800.65,27598.23,27595.84,2178.62,660.42,0.10,1449.62,25414.84,1.21
270,42713.24,27698.32,27695.94,2196.44,662.96,0.11,1466.41,25497.13,1.19
271,43115.79,28006.31,28003.88,2224.64,667.06,0.11,1490.45,25776.82,1.25
272,43691.06,28709.10,28706.68,2252.28,669.04,0.10,1504.05,11.53,26451.99,1.24
273,44237.23,29004.45,29002.04,2257.09,682.53,0.10,1497.23,26742.50,1.26
274,43934.70,28841.13,28838.76,2233.31,676.52,0.10,1481.50,26603.04,1.25
275,44726.57,29350.15,29347.78,2229.37,671.22,0.10,1482.80,27115.97,1.26
276,45083.67,30095.16,30092.80,2292.77,664.99,0.10,1552.74,27797.57,1.26
277,45046.54,29921.03,29918.63,2270.87,661.46,0.10,1535.98,27645.18,1.35
278,45126.97,29755.76,29753.32,2245.30,660.51,0.10,1513.10,27505.37,1.40
279,45605.47,30011.75,30009.28,2230.14,659.62,0.09,1500.17,27776.47,1.40
280,45826.62,30396.23,30393.71,2260.15,671.35,0.09,1518.05,28130.88,1.39
281,45413.43,30318.00,30315.49,2234.78,666.15,0.10,1499.56,28078.04,1.39
282,45821.89,30595.85,30593.35,2217.54,658.85,0.09,1491.10,28373.12,1.39
283,46327.25,31327.71,31325.24,2238.92,662.49,0.09,1508.85,29083.59,1.42
284,46541.83,31426.77,31424.30,2250.76,658.64,0.09,1525.65,29170.78,1.42
285,47141.65,32128.49,32126.04,2300.58,667.74,0.08,1566.31,29822.72,1.43
286,47847.37,32766.87,32764.44,2271.25,664.63,0.08,1541.49,30490.43,1.43
287,48115.12,32935.85,32933.39,2280.34,663.10,0.08,1552.00,30650.27,1.43
288,47983.82,33016.89,33014.32,2286.14,667.56,0.09,1554.50,30725.28,1.52
289,47577.70,32755.64,32753.05,2300.79,676.58,0.09,1561.18,30449.34,1.52
290,47950.24,32888.41,32885.78,2308.53,675.92,0.09,1569.85,30574.16,1.59
291,47309.16,32446.77,32444.17,2278.51,679.73,0.08,1537.12,30162.62,1.57
292,46472.86,32004.37,32001.80,2252.66,680.03,0.08,1512.06,29746.15,1.54
293,45979.47,31860.67,31858.09,2253.60,676.36,0.08,1516.41,29601.46,1.55
294,46371.88,32059.98,32057.39,2271.60,684.72,0.08,1527.01,29782.77,1.56
295,45803.41,31672.39,31669.68,2264.48,689.03,0.08,1516.35,29402.20,1.55
296,45084.46,31340.90,31338.24,2233.55,684.28,0.07,1485.63,5.48,29101.77,1.52
297,45430.96,31276.86,31274.22,2244.01,690.93,0.07,1489.21,29027.30,1.51
298,45364.86,31092.83,31090.17,2251.03,701.00,0.08,1486.61,28836.20,1.53
299,45469.57,30931.21,30928.35,2279.83,695.78,0.08,1509.34,11.14,28645.43,1.60
300,45501.28,30731.33,30728.47,2297.89,699.11,0.08,1525.88,28427.51,1.59
301,45505.97,30502.74,30499.93,2328.17,699.02,0.08,1556.65,28168.72,1.57
302,45611.43,30331.24,30328.46,2304.82,693.79,0.08,1540.25,28020.57,1.59
303,45845.55,30332.18,30329.40,2290.65,689.30,0.08,1526.72,5.44,28035.64,1.61
304,46214.19,30665.40,30662.59,2291.04,691.66,0.08,1526.50,28368.43,1.62
305,46169.69,30921.98,30919.05,2322.03,690.07,0.09,1559.23,28593.82,1.70
306,45991.99,30972.69,30969.81,2371.50,683.30,0.10,1616.64,28595.10,1.70
307,46508.62,31505.14,31502.20,2345.89,681.85,0.10,1593.90,29153.12,1.70
308,47393.31,32118.33,32115.39,2354.23,681.14,0.10,1602.23,29757.91,1.75
309,47541.43,32116.65,32113.70,2332.92,681.18,0.10,1582.46,29777.50,1.76
310,47826.09,32448.12,32445.01,2395.60,710.89,0.10,1614.93,30046.02,1.85
311,47503.67,32487.65,32484.57,2374.96,715.57,0.10,1591.06,30106.25,1.84
312,47842.11,32904.56,32901.50,2397.08,729.93,0.10,1598.49,30501.07,1.84
313,48702.57,33449.94,33446.86,2395.70,727.51,0.09,1600.79,31047.82,1.82
314,49051.09,33644.39,33641.35,2445.75,727.46,0.09,1650.99,31192.24,1.83
315,48817.31,33724.71,33721.64,2431.57,720.02,0.09,1644.50,31286.62,1.88
316,48596.06,33669.07,33666.08,2413.64,716.14,0.09,1630.67,31249.04,1.85
317,48985.33,34104.67,34101.63,2380.85,715.36,0.08,1598.69,31717.35,1.88
318,49688.53,34574.94,34571.92,2399.70,708.22,0.09,1624.81,32168.84,1.86
319,50233.30,34956.96,34953.95,2459.88,696.74,0.09,1691.87,5.80,32490.65,1.85
320,50781.25,35280.49,35277.50,2465.91,705.90,0.08,1688.80,32808.21,1.82
321,51128.04,35386.25,35383.25,2470.87,707.83,0.08,1692.11,32909.03,1.80
322,50389.46,34977.33,34974.37,2472.70,708.34,0.08,1694.63,32498.36,1.78
323,50656.62,35045.68,35042.71,2517.58,699.26,0.07,1748.97,32521.79,1.78
324,50383.92,35043.96,35041.02,2499.81,712.68,0.07,1718.90,32537.92,1.75
325,49760.87,34611.64,34608.70,2463.77,710.44,0.07,1685.92,32141.67,1.74
326,49588.20,34189.10,34186.18,2419.82,703.74,0.06,1650.17,31763.13,1.71
327,49412.02,33758.05,33755.11,2437.22,708.50,0.06,1663.81,31314.69,1.68
328,49349.70,33430.60,33427.70,2444.53,705.29,0.06,1675.53,30980.03,1.65
329,49603.78,33506.67,33503.72,2418.52,703.58,0.05,1652.33,31082.09,1.64
330,49094.99,33224.46,33221.50,2392.59,695.55,0.06,1635.64,30825.70,1.72
331,48972.09,32934.74,32931.80,2394.98,699.54,0.05,1634.36,30533.59,1.73
332,48943.89,32764.65,32761.76,2458.18,714.37,0.06,1682.93,30300.43,1.69
333,48595.86,32381.38,32378.55,2458.14,709.02,0.06,1689.45,29917.34,1.65
334,47718.68,31990.49,31987.72,2413.74,705.77,0.06,1649.28,29570.86,1.71
335,46865.61,31600.05,31597.28,2370.10,700.65,0.06,1611.37,29224.13,1.69
336,46186.41,31341.94,31339.24,2374.48,710.69,0.06,1605.57,28961.78,1.65
337,46656.30,31543.73,31541.04,2353.37,709.69,0.06,1585.07,29184.71,1.63
338,46824.66,31916.79,31914.09,2378.24,714.04,0.06,1604.93,29532.86,1.64
339,46351.35,31809.71,31807.04,2436.60,720.96,0.06,1656.52,29367.50,1.61
340,46092.78,31438.31,31435.61,2404.33,725.25,0.06,1620.90,29028.34,1.63
341,46152.62,31122.35,31119.62,2378.82,724.82,0.06,1596.72,28737.82,1.66
342,46949.47,31602.65,31599.95,2390.77,724.50,0.06,1599.55,9.20,29206.22,1.64
343,47789.50,32138.43,32135.73,2390.22,725.20,0.05,1598.43,29742.57,1.61
344,47592.52,31738.67,31735.98,2349.90,722.75,0.06,1561.80,29383.16,1.59
345,46784.29,31377.88,31375.25,2296.77,709.56,0.05,1523.16,29075.64,1.55
346,46293.98,31329.65,31327.02,2289.64,704.22,0.05,1521.04,29034.54,1.54
347,46153.02,31104.24,31101.56,2265.46,696.10,0.05,1506.30,28833.25,1.52
348,46000.23,30723.17,30720.54,2244.08,688.38,0.05,1493.95,28473.68,1.48
349,45446.45,30550.86,30548.20,2243.81,685.69,0.05,1496.59,28301.68,1.44
350,45306.22,30193.94,30191.33,2205.70,680.29,0.05,1465.00,27983.01,1.39
351,44699.00,29962.20,29959.62,2165.64,672.64,0.05,1433.28,27791.39,1.38
352,44682.47,29637.41,29634.89,2158.23,685.91,0.05,1408.08,5.32,27474.13,1.35
353,43996.85,29322.15,29319.65,2127.79,675.50,0.05,1389.26,27189.39,1.31
354,43604.09,29253.99,29251.46,2122.76,675.09,0.05,1385.40,27126.27,1.27
355,43550.10,28983.34,28980.80,2109.58,671.45,0.05,1376.88,26868.83,1.25
356,43748.27,29552.88,29550.31,2141.32,670.64,0.05,1410.18,27406.54,1.28
357,43233.22,29441.31,29438.76,2124.41,671.20,0.05,1392.47,27311.90,1.29
358,43213.78,29149.70,29147.14,2104.63,669.07,0.05,1375.42,27040.12,1.25
359,42562.37,28832.43,28829.90,2062.97,659.99,0.05,1344.03,26764.60,1.21
360,42140.53,28681.68,28679.17,2065.89,664.82,0.05,1342.99,26611.00,1.18
361,43101.44,29284.85,29282.37,2106.70,668.07,0.05,1378.37,27173.39,1.17
362,42843.42,29425.90,29423.42,2096.76,669.59,0.06,1366.20,27324.38,1.18
363,43426.49,29950.21,29947.74,2093.77,671.98,0.06,1360.80,27851.62,1.22
364,43277.03,30116.57,30114.12,2100.43,673.70,0.05,1361.55,5.36,28011.36,1.22
365,42964.35,29795.84,29793.39,2065.31,667.13,0.05,1334.47,27725.82,1.18
366,42369.93,29492.77,29490.38,2041.30,657.97,0.05,1315.44,5.50,27446.86,1.17
367,41823.38,29228.66,29226.30,2054.56,649.23,0.05,1338.97,27169.55,1.15
368,41334.20,29028.22,29025.89,2031.84,648.71,0.04,1318.13,26991.87,1.16
369,41729.83,28989.43,28987.08,2023.79,642.63,0.05,1316.71,26961.09,1.16
370,42177.11,29162.76,29160.34,2039.35,645.88,0.05,1329.64,27118.58,1.32
371,42224.80,29156.37,29153.95,2061.84,647.17,0.05,1352.09,27089.69,1.32
372,42408.73,29122.75,29120.32,2100.39,647.32,0.05,1391.55,27017.53,1.30
373,42370.83,28846.78,28844.36,2076.40,646.96,0.05,1368.66,26765.63,1.25
374,41777.01,28560.14,28557.74,2032.12,638.57,0.05,1333.97,26523.35,1.23
375,41296.09,28342.23,28339.87,2023.94,639.06,0.05,1318.89,6.75,26313.69,1.22
376,40886.00,28243.52,28241.20,1992.67,636.54,0.05,1291.50,26246.29,1.23
377,41305.89,28311.25,28308.90,2055.62,643.57,0.05,1347.24,26251.01,1.23
378,41364.80,28170.61,28168.26,2105.10,647.48,0.05,1393.79,26060.87,1.24
379,40805.28,27968.86,27966.53,2071.37,642.87,0.05,1365.94,25892.86,1.25
380,40312.73,27771.56,27769.24,2039.66,640.31,0.05,1337.96,25727.32,1.23
381,39874.10,27609.78,27607.49,2018.65,648.36,0.05,1309.94,25586.54,1.29
382,40231.38,27481.16,27478.79,2013.87,654.46,0.05,1300.02,25462.64,1.26
383,39876.77,27438.32,27435.94,1994.82,647.23,0.05,1289.32,25438.82,1.29
384,40290.43,27476.44,27474.07,2041.30,655.67,0.05,1327.51,25430.45,1.28
385,40671.88,27585.39,27583.02,2053.15,655.83,0.06,1338.98,25527.52,1.28
386,40874.60,27593.89,27591.55,2037.23,646.72,0.06,1332.44,25551.98,1.27
387,40991.69,27433.76,27431.43,2040.98,653.76,0.06,1330.19,25388.13,1.27
388,40554.14,27344.57,27342.27,2050.55,657.00,0.06,1336.32,25289.42,1.26
389,40876.56,27281.35,27279.07,2058.96,651.01,0.06,1350.93,25217.84,1.23
390,41314.46,27373.41,27371.14,2097.85,662.69,0.07,1376.42,25270.99,1.22
391,41357.31,27240.09,27237.78,2081.70,663.52,0.07,1360.52,25153.76,1.24
392,41605.00,27080.27,27077.98,2060.87,662.38,0.07,1341.86,25014.83,1.22
393,41145.49,26997.47,26995.21,2049.11,659.76,0.07,1332.43,24943.85,1.20
394,41354.04,26860.10,26857.86,2061.36,665.11,0.07,1340.18,24794.29,1.19
395,40878.79,26759.68,26757.45,2057.63,663.86,0.07,1333.05,5.56,24697.65,1.16
396,40751.80,27036.20,27033.98,2058.21,662.02,0.07,1323.74,17.70,24973.57,1.19
397,41090.33,27322.30,27320.10,2043.48,657.72,0.07,1315.07,25274.39,1.20
398,41049.62,27293.13,27290.85,2044.21,665.10,0.06,1309.88,25244.33,1.26
399,41277.30,27209.47,27207.19,2022.83,663.22,0.06,1291.99,25182.06,1.24
400,41742.02,27334.65,27332.40,2057.31,659.18,0.07,1331.01,25272.76,1.26
401,41997.09,27465.45,27463.20,2068.80,656.90,0.07,1346.07,25392.04,1.26
402,42081.80,27444.22,27441.95,2055.12,654.06,0.07,1336.70,25384.45,1.28
403,42838.42,27956.96,27954.69,2045.71,647.02,0.07,1332.86,25906.58,1.27
404,42315.81,27735.38,27733.12,2018.93,643.79,0.06,1310.68,25711.85,1.24
405,41896.39,27668.43,27666.15,2071.06,649.59,0.06,1357.65,25592.75,1.23
406,42574.02,28049.27,28046.94,2127.50,656.93,0.06,1407.15,25917.04,1.25
407,42465.14,28081.36,28079.00,2100.63,658.47,0.06,1379.95,25975.92,1.28
408,42573.07,28017.20,28014.80,2083.45,657.14,0.06,1364.74,25928.90,1.30
409,42849.29,28045.15,28042.71,2094.15,664.06,0.06,1367.13,25946.01,1.34
410,42831.31,27846.59,27844.17,2080.77,662.71,0.06,1356.34,25760.92,1.31
411,42530.67,27947.68,27945.27,2086.04,661.30,0.05,1362.28,25856.72,1.32
412,42642.13,27958.12,27955.72,2086.48,668.33,0.06,1355.90,25866.75,1.31
413,42788.05,27910.78,27908.35,2070.29,663.23,0.05,1345.28,25835.49,1.38
414,43068.39,27961.33,27958.82,2115.85,669.42,0.05,1385.14,25840.38,1.36
415,43032.52,27799.93,27797.44,2114.15,669.57,0.05,1384.35,25680.74,1.34
416,43322.73,27764.53,27762.02,2135.28,673.04,0.05,1402.83,25624.26,1.30
417,43503.00,27750.64,27748.17,2119.20,666.93,0.05,1393.32,25626.51,1.30
418,43866.45,27920.99,27918.51,2110.76,666.31,0.05,1385.69,25805.17,1.36
419,43847.04,27928.27,27925.80,2121.17,667.73,0.05,1394.86,25802.08,1.35
420,43931.46,27880.49,27877.99,2134.58,666.45,0.06,1409.48,25740.85,1.34
421,44001.12,27774.38,27771.79,2134.64,669.09,0.07,1407.77,25634.65,1.31
422,44090.09,27635.98,27633.42,2107.40,664.77,0.06,1385.91,25523.58,1.29
423,44177.35,27467.36,27464.87,2083.99,662.14,0.06,1365.90,25378.48,1.26
424,43493.62,27273.22,27270.78,2053.34,655.42,0.07,1342.94,25215.11,1.23
425,43038.06,27255.18,27252.81,2024.96,651.61,0.07,1318.92,25225.56,1.22
426,43117.70,27146.45,27144.12,2029.36,649.41,0.07,1325.67,25112.51,1.19
427,43394.59,27148.75,27146.46,2090.20,643.58,0.07,1392.72,25054.01,1.17
428,43593.57,27191.05,27188.75,2090.85,642.78,0.07,1384.55,9.38,25095.67,1.17
429,43629.79,27121.17,27118.89,2077.19,646.54,0.07,1368.34,25039.50,1.16
430,44188.34,27468.49,27466.20,2111.00,648.18,0.07,1399.98,25352.97,1.17
431,44196.78,27661.21,27658.83,2137.83,649.50,0.07,1420.92,5.58,25518.67,1.23
432,44312.43,27851.04,27848.67,2177.09,655.29,0.06,1455.54,25669.25,1.22
433,44005.23,27629.76,27627.42,2138.48,650.78,0.06,1422.68,25486.66,1.20
434,43394.50,27433.17,27430.88,2125.48,662.26,0.06,1398.89,25303.17,1.17
435,42839.06,27308.35,27306.12,2109.78,662.74,0.06,1382.14,25194.14,1.14
436,42969.00,27135.32,27133.13,2087.48,658.48,0.06,1365.56,25043.50,1.12
437,42511.01,27106.90,27104.75,2116.71,655.98,0.07,1397.91,24985.94,1.09
438,43449.83,27792.92,27790.79,2145.80,662.57,0.08,1420.66,25642.92,1.09
439,43555.26,27617.72,27615.60,2104.88,652.35,0.08,1391.14,25508.62,1.12
440,43073.60,27605.49,27603.31,2089.45,647.78,0.08,1380.76,25511.78,1.11
441,43266.09,27613.81,27611.66,2074.63,640.99,0.08,1373.18,25534.96,1.11
442,43430.73,27623.05,27620.88,2101.70,634.98,0.08,1401.27,5.53,25517.10,1.10
443,43418.59,27468.80,27466.66,2126.74,632.69,0.09,1429.84,25337.90,1.07
444,43653.27,28149.50,28147.38,2143.92,640.10,0.08,1439.69,26001.46,1.05
445,44063.09,28285.75,28283.67,2147.91,643.30,0.09,1440.59,26133.76,1.04
446,43819.66,28038.93,28036.86,2119.01,642.88,0.09,1413.34,25915.89,1.01
447,43233.57,27858.21,27856.16,2101.45,641.68,0.08,1395.96,25752.77,0.99
448,42617.80,27682.74,27680.72,2095.02,645.91,0.08,1385.78,25583.79,0.97
449,42138.30,27614.60,27612.60,2147.19,655.01,0.08,1429.40,25463.50,0.97
450,42430.17,27622.19,27620.15,2129.41,654.52,0.08,1413.36,25488.84,0.96
451,42931.67,27897.96,27895.92,2099.55,650.69,0.08,1388.59,25794.48,0.96
452,42629.33,27676.26,27674.24,2071.89,647.47,0.08,1365.00,25600.46,0.98
453,43093.02,28507.80,28505.70,2150.72,655.04,0.08,1435.82,26353.05,1.00
454,44153.14,29383.32,29381.17,2237.34,662.36,0.09,1514.76,27141.87,1.00
455,44758.72,29929.76,29927.51,2221.27,658.54,0.08,1502.96,27704.19,1.04
456,45732.81,30561.45,30559.09,2272.20,665.65,0.08,1546.38,28284.66,1.15
457,46220.73,30830.48,30828.12,2286.66,663.38,0.09,1564.13,28539.14,1.17
458,46018.44,30865.55,30863.21,2327.35,677.28,0.09,1591.73,28533.53,1.19
459,45987.93,30847.03,30844.71,2295.46,673.91,0.09,1564.13,28546.95,1.19
460,45847.31,30658.26,30655.91,2299.79,676.21,0.11,1566.92,28353.79,1.21
461,45973.61,30568.47,30566.12,2298.32,681.38,0.10,1559.39,28265.46,1.22
462,45977.17,30458.48,30456.13,2311.09,673.81,0.10,1579.34,28142.66,1.22
463,46346.07,30697.97,30695.47,2378.25,679.99,0.10,1640.91,28314.51,1.47
464,46414.62,30984.86,30982.31,2369.92,683.71,0.10,1629.84,28609.67,1.46
465,46177.87,30987.64,30985.03,2351.92,682.18,0.10,1614.32,28630.33,1.49
466,46361.75,31152.39,31149.71,2331.41,674.94,0.10,1601.82,28815.50,1.49
467,46119.62,31059.93,31057.28,2373.25,675.33,0.10,1643.90,28681.22,1.50
468,46211.31,31042.12,31039.47,2432.10,678.70,0.10,1699.45,28604.52,1.53
469,46170.47,30968.86,30966.19,2412.75,675.53,0.09,1683.15,28550.55,1.54
470,46088.82,30799.81,30797.12,2412.76,679.27,0.09,1679.06,28381.46,1.54
471,46200.59,30695.70,30692.98,2394.82,673.55,0.08,1666.93,28295.19,1.58
472,46147.42,30528.95,30526.22,2422.34,677.13,0.09,1691.20,28100.92,1.57
473,46162.75,30369.26,30366.57,2447.80,680.34,0.08,1713.75,27915.81,1.56
474,46158.80,30193.47,30190.79,2418.54,679.86,0.08,1684.96,27769.34,1.54
475,46078.99,29927.20,29924.45,2392.56,682.58,0.08,1651.04,5.91,27528.85,1.66
476,45613.49,29962.95,29960.17,2389.14,678.74,0.08,1651.38,27567.95,1.66
477,45972.93,30283.94,30281.19,2404.19,684.60,0.08,1660.75,27873.94,1.63
478,45608.97,30195.49,30192.72,2399.98,688.06,0.07,1653.92,27789.70,1.63
479,45691.52,30149.28,30146.51,2388.71,687.14,0.07,1644.25,27754.78,1.61
480,45967.19,30337.28,30334.44,2368.11,696.66,0.07,1614.96,27963.32,1.61
481,45890.51,30415.13,30412.32,2358.50,692.38,0.06,1609.85,28050.79,1.61
482,45800.98,30365.07,30362.18,2372.97,691.03,0.06,1625.35,27986.21,1.60
483,45840.31,30289.47,30286.55,2405.82,697.72,0.06,1644.77,7.10,27877.71,1.58
484,45830.33,30181.77,30178.89,2386.04,697.49,0.06,1626.31,27789.81,1.59
485,46052.80,30267.24,30264.38,2354.22,686.47,0.06,1606.75,27907.12,1.60
486,46447.84,30716.77,30713.92,2360.39,681.62,0.06,1617.68,28350.48,1.60
487,46072.86,30740.40,30737.54,2372.31,677.26,0.06,1634.89,28362.05,1.67
488,45929.66,30590.90,30587.99,2382.03,683.03,0.06,1639.37,28202.76,1.66
489,46223.70,30719.18,30716.32,2362.47,679.19,0.06,1624.68,28350.69,1.64
490,46044.95,30618.36,30615.49,2347.80,677.10,0.07,1612.94,28264.53,1.62
491,46009.72,30476.61,30473.76,2359.89,709.05,0.07,1593.40,28110.68,1.65
492,46077.01,30383.78,30380.91,2375.03,705.08,0.06,1601.09,10.55,28002.70,1.63
493,46042.47,30236.94,30234.10,2377.41,707.23,0.06,1601.48,27853.55,1.61
494,46137.51,30173.09,30170.28,2355.55,705.68,0.06,1582.09,27811.59,1.61
495,46138.65,30091.50,30088.67,2337.65,705.85,0.06,1564.67,27747.89,1.62
496,46136.31,29992.88,29990.06,2334.93,709.96,0.06,1558.58,27651.94,1.66
497,46262.94,30007.48,30004.55,2337.16,707.18,0.06,1564.75,27664.11,1.70
498,46010.72,29737.37,29734.43,2327.36,709.69,0.06,1553.48,27403.85,1.67
499,46273.75,29728.81,29725.91,2327.51,711.87,0.06,1552.51,27395.19,1.65
500,46201.20,29631.06,29628.20,2302.52,704.13,0.06,1535.73,27322.47,1.66
501,46190.78,29485.48,29482.59,2312.32,704.80,0.06,1545.41,27167.04,1.71
502,46383.87,29518.73,29515.83,2340.42,737.51,0.06,1541.62,27172.01,1.73
503,46601.74,29760.00,29757.02,2383.92,752.87,0.06,1564.25,6.16,27369.67,1.73
504,46627.60,30023.57,30020.64,2365.30,753.89,0.07,1545.87,27651.89,1.72
505,46117.59,29790.64,29787.77,2332.53,746.47,0.06,1521.33,27451.87,1.70
506,46187.98,29621.08,29618.25,2328.14,742.50,0.06,1511.44,9.46,27286.82,1.66
507,46346.31,29592.21,29589.41,2347.82,752.32,0.06,1522.19,27238.36,1.62
508,46225.51,29436.75,29433.92,2365.60,745.47,0.06,1548.21,27065.14,1.60
509,46308.03,29355.03,29352.27,2331.75,738.99,0.07,1517.06,5.36,27017.42,1.57
510,46452.73,29381.77,29379.06,2304.69,727.24,0.07,1503.54,27071.31,1.54
511,46296.44,29249.74,29247.01,2297.51,723.81,0.06,1501.36,26946.47,1.56
512,46644.58,29470.98,29468.24,2336.81,738.32,0.06,1515.17,11.13,27128.39,1.57
513,46860.56,29920.85,29918.14,2341.51,738.78,0.06,1520.22,27573.65,1.55
514,46151.61,29652.95,29650.31,2300.73,731.57,0.06,1488.55,27346.67,1.52
515,45394.29,29400.55,29397.97,2261.70,722.36,0.06,1455.53,5.35,27133.40,1.51
516,45476.98,29962.56,29960.00,2279.25,721.64,0.06,1465.13,14.99,27677.89,1.50
517,46269.54,30461.96,30459.42,2284.13,723.61,0.06,1469.53,28172.44,1.48
518,46422.93,31073.84,31071.27,2327.86,725.32,0.06,1512.93,28740.59,1.47
519,46747.48,31203.85,31201.30,2324.71,729.04,0.06,1508.45,28873.78,1.45
520,46277.56,30838.23,30835.62,2284.50,717.22,0.06,1482.31,28548.09,1.66
521,46520.80,30727.16,30724.45,2281.24,707.55,0.05,1489.73,28439.97,1.80
522,46512.84,30607.86,30605.17,2302.82,706.92,0.06,1513.97,28299.14,1.76
523,46651.46,30636.04,30633.37,2372.95,700.85,0.05,1591.03,28257.21,1.74
524,46870.81,30896.60,30893.97,2344.79,696.57,0.05,1569.34,28546.01,1.72
525,46458.97,30745.22,30742.55,2313.00,687.94,0.05,1548.15,28426.35,1.75
526,46853.27,30966.87,30964.21,2316.73,696.15,0.05,1543.78,28644.31,1.71
527,46374.04,30712.25,30709.63,2331.06,690.64,0.05,1564.60,28375.45,1.67
528,46335.26,30427.29,30424.69,2348.23,688.71,0.05,1579.45,6.21,28073.40,1.63
529,45810.63,30369.24,30366.69,2326.26,685.95,0.05,1561.59,28037.44,1.59
530,45728.71,30192.19,30189.61,2303.70,692.41,0.06,1534.43,27882.87,1.60
531,46320.91,30577.65,30575.09,2301.63,687.24,0.05,1539.44,28270.45,1.58
532,46629.87,31238.34,31235.80,2313.04,689.45,0.05,1549.30,28919.76,1.56
533,47197.45,31669.15,31666.53,2385.27,718.41,0.06,1587.78,6.15,29278.30,1.54
534,47256.32,32189.75,32187.11,2348.29,712.44,0.06,1558.62,29835.86,1.54
535,47797.61,32469.64,32467.03,2329.77,708.64,0.05,1545.89,30134.30,1.55
536,47956.62,32955.31,32952.66,2324.23,707.09,0.05,1543.55,30625.47,1.53
537,48832.61,33563.16,33560.48,2365.74,715.07,0.05,1577.09,31191.80,1.52
538,49401.58,34047.23,34044.57,2369.89,721.06,0.05,1575.31,31671.73,1.53
539,49932.04,34380.31,34377.70,2349.97,716.58,0.06,1561.72,32024.82,1.50
540,50663.25,34820.82,34818.21,2354.00,716.79,0.05,1565.89,32461.32,1.49
541,50928.54,34949.57,34946.99,2423.45,704.62,0.06,1647.31,32520.63,1.49
542,50458.91,34820.24,34817.69,2403.19,702.62,0.06,1625.17,5.44,32411.62,1.48
543,50638.95,35070.84,35068.30,2378.47,703.69,0.06,1601.25,32687.00,1.46
544,50580.30,35456.41,35453.88,2381.16,703.58,0.06,1604.59,33069.90,1.45
545,51155.13,35766.97,35764.43,2427.93,709.23,0.06,1635.27,10.44,33333.65,1.45
546,51542.03,35906.80,35904.22,2412.58,709.07,0.06,1616.91,15.34,33488.73,1.48
547,51525.47,36247.36,36244.79,2404.98,716.24,0.06,1604.20,33836.87,1.51
548,51821.49,36339.09,36336.49,2382.74,712.87,0.06,1586.16,33950.84,1.50
549,51442.66,36269.71,36267.13,2390.73,711.10,0.06,1596.55,33873.51,1.49
550,50838.23,35839.18,35836.57,2385.97,709.19,0.06,1594.55,33447.74,1.49
551,50679.72,35490.83,35488.23,2341.23,703.08,0.06,1558.03,33144.20,1.47
552,50315.78,35002.50,34999.85,2308.22,698.01,0.06,1526.73,5.34,32688.82,1.47
553,49608.44,34813.82,34811.18,2286.69,699.93,0.06,1505.43,32521.71,1.46
554,49904.39,35084.47,35081.79,2282.22,694.72,0.06,1497.55,9.62,32796.80,1.44
555,49783.60,35365.62,35362.98,2289.09,697.26,0.06,1492.48,19.72,33071.17,1.43
556,49724.08,34964.91,34962.28,2287.64,707.70,0.07,1483.56,32671.93,1.42
557,49620.82,34636.29,34633.63,2271.06,709.92,0.06,1467.49,32359.87,1.42
558,49609.08,34468.56,34465.83,2255.24,706.26,0.06,1458.08,32207.83,1.47
559,49883.11,34735.36,34732.61,2295.89,708.48,0.06,1485.93,11.68,32433.92,1.48
560,50073.44,35347.74,35344.97,2369.19,709.68,0.06,1547.93,22.74,32972.99,1.48
561,49792.92,35026.34,35023.60,2354.19,707.60,0.06,1538.32,32666.61,1.49
562,49724.47,34810.92,34808.17,2340.39,708.54,0.05,1527.03,32464.95,1.49
563,50226.06,35269.47,35266.59,2334.38,701.62,0.06,1529.98,32929.21,1.60
564,50505.76,35394.90,35392.00,2360.23,708.16,0.06,1541.05,10.34,33028.74,1.62
565,50468.24,35675.02,35672.15,2336.32,699.88,0.06,1519.91,19.03,33332.77,1.64
566,51155.24,36025.12,36022.19,2350.50,705.70,0.06,1530.52,33668.58,1.65
567,51105.60,35761.53,35758.61,2340.36,703.35,0.06,1526.47,33415.13,1.66
568,50744.91,35394.50,35391.59,2320.57,692.70,0.06,1520.88,33067.90,1.65
569,51240.22,35727.83,35724.90,2398.73,707.88,0.06,1585.09,33323.03,1.66
570,51224.08,35488.70,35485.83,2385.79,711.18,0.06,1572.08,33096.91,1.65
571,51157.46,35427.11,35424.29,2378.35,709.28,0.06,1569.65,33042.81,1.65
572,50816.93,35253.83,35251.00,2372.75,718.33,0.06,1557.87,32875.11,1.68
573,51034.18,35518.90,35516.06,2367.73,725.88,0.06,1548.25,33145.18,1.67
574,51740.21,35922.93,35920.14,2373.41,727.97,0.06,1553.16,33543.60,1.67
575,52143.73,36188.96,36186.13,2384.43,732.12,0.07,1561.01,33798.50,1.72
576,52395.64,36172.62,36169.77,2359.41,726.87,0.06,1543.78,33807.17,1.70
577,52359.04,36414.92,36412.06,2363.69,722.75,0.06,1553.44,34045.15,1.72
578,53111.59,36916.15,36913.21,2405.06,729.13,0.07,1589.26,34504.79,1.78
579,52700.42,36540.77,36537.80,2392.38,725.61,0.06,1568.93,12.09,34142.00,1.81
580,53228.92,37021.50,37018.54,2389.11,732.64,0.06,1561.20,34626.03,1.80
581,53061.25,36852.11,36849.00,2442.01,746.10,0.08,1601.75,34403.48,1.87
582,52731.73,36694.62,36691.52,2421.93,735.81,0.08,1592.78,34266.10,1.84
583,52770.94,36895.88,36892.82,2406.56,733.74,0.08,1580.46,34482.77,1.84
584,52912.54,36772.07,36768.90,2453.59,742.78,0.08,1619.93,34311.70,1.89
585,52376.90,36438.26,36435.09,2441.49,735.65,0.08,1617.54,33989.91,1.95
586,52343.68,36380.34,36377.17,2514.42,732.51,0.08,1695.07,33859.05,1.97
587,51920.30,36196.30,36193.17,2477.59,729.97,0.08,1662.15,33711.95,1.93
588,51477.09,35842.33,35839.19,2490.24,724.42,0.07,1671.56,9.93,33345.35,1.92
589,51389.17,35667.46,35664.27,2463.44,727.33,0.08,1644.14,33197.20,1.93
590,51210.58,35586.18,35582.99,2461.13,730.06,0.07,1641.74,33118.23,1.92
591,50790.19,35297.62,35294.49,2468.21,728.05,0.07,1652.95,32822.71,1.89
592,50448.58,34871.86,34868.77,2440.17,723.86,0.07,1630.86,32425.07,1.87
593,50636.25,34825.68,34822.63,2431.50,725.58,0.07,1622.57,32387.62,1.86
594,50226.47,34573.03,34570.02,2410.76,722.08,0.07,1606.16,32155.42,1.84
595,49938.18,34229.14,34226.11,2423.96,711.73,0.07,1631.41,31798.38,1.81
596,49740.88,33848.47,33845.42,2408.14,720.09,0.07,1609.11,31433.52,1.80
597,49641.60,33552.35,33549.34,2382.38,714.56,0.06,1590.00,31163.23,1.79
598,49327.75,33108.80,33105.86,2348.07,714.96,0.06,1557.16,30754.12,1.77
599,49195.15,32697.18,32694.27,2334.90,713.78,0.06,1546.94,30355.72,1.76
600,48366.84,32384.77,32381.90,2313.53,708.07,0.05,1533.11,30064.76,1.74
601,48340.51,32145.84,32142.97,2308.13,705.87,0.06,1531.50,29831.27,1.72
602,48304.28,31972.13,31969.29,2298.47,702.97,0.05,1523.78,29667.27,1.71
603,48093.05,31680.90,31678.05,2273.08,701.34,0.06,1501.35,29401.42,1.74
604,48079.10,31471.02,31468.21,2277.26,710.07,0.05,1497.06,29187.47,1.70
605,48043.62,31279.60,31276.77,2269.17,708.08,0.05,1491.53,29004.14,1.67
606,47981.87,31140.94,31138.11,2280.09,718.56,0.05,1492.86,28854.59,1.65
607,47953.92,31054.71,31051.90,2277.47,719.79,0.05,1481.88,8.11,28771.04,1.63
608,48759.03,31810.99,31808.21,2295.96,721.45,0.05,1499.01,29508.89,1.61
609,49053.25,32165.63,32162.85,2353.67,724.67,0.06,1552.37,29805.81,1.62
610,48912.67,32489.91,32487.15,2358.52,728.53,0.06,1553.83,30125.32,1.60
611,48146.58,32120.68,32117.91,2350.52,742.31,0.06,1533.50,29764.15,1.57
612,48290.95,31998.57,31995.85,2355.12,740.52,0.07,1541.51,29637.55,1.54
613,48111.85,31789.20,31786.45,2340.61,740.58,0.07,1526.45,29442.69,1.52
614,47821.65,31373.46,31370.74,2316.07,734.49,0.06,1509.69,29051.61,1.48
615,47036.00,31028.30,31025.61,2289.66,733.09,0.06,1485.62,28732.96,1.45
616,47750.66,31443.68,31441.03,2296.77,729.47,0.06,1497.79,29141.29,1.44
617,47137.45,31282.75,31280.11,2256.71,718.70,0.05,1470.12,29020.45,1.44
618,47497.49,31516.20,31513.55,2249.02,714.74,0.05,1466.37,29261.59,1.42
619,47037.92,31328.22,31325.60,2241.12,713.03,0.05,1460.96,29081.58,1.41
620,46806.14,30930.82,30928.22,2212.02,709.67,0.05,1436.27,28713.39,1.36
621,46073.86,30609.29,30606.71,2191.27,707.42,0.05,1419.01,28412.69,1.33
622,46121.91,31103.34,31100.77,2186.80,700.14,0.05,1421.33,28911.20,1.32
623,45756.55,31189.69,31187.13,2167.00,693.54,0.05,1409.34,29017.38,1.32
624,46001.53,31451.27,31448.72,2162.50,702.40,0.05,1396.98,29283.44,1.31
625,45388.51,31060.49,31057.97,2154.42,702.52,0.05,1390.07,28900.83,1.29
626,45189.31,31205.58,31203.06,2184.79,705.04,0.05,1417.91,29015.54,1.31
627,44814.10,30900.71,30898.14,2162.97,703.03,0.05,1398.96,28732.47,1.31
628,44866.72,31329.69,31327.11,2200.99,709.45,0.06,1430.35,29123.42,1.32
629,44454.96,31248.31,31245.74,2186.64,711.47,0.05,1415.21,29056.41,1.31
630,44373.12,31002.69,31000.11,2174.05,706.20,0.05,1408.61,28823.39,1.30
631,44759.27,31036.80,31034.21,2151.80,696.68,0.05,1396.84,28879.69,1.34
632,44950.76,31188.41,31185.83,2183.67,701.31,0.05,1423.94,28999.43,1.34
633,44524.08,30824.05,30821.52,2179.41,697.77,0.05,1424.04,28639.44,1.31
634,44107.67,30714.43,30711.96,2160.24,688.75,0.05,1414.09,28549.10,1.28
635,43965.74,30340.20,30337.74,2129.80,687.42,0.05,1385.83,28205.38,1.27
636,43487.81,30156.32,30153.84,2100.02,675.48,0.05,1368.78,28051.21,1.33
637,43484.75,29829.09,29826.63,2080.17,671.21,0.05,1353.49,27743.89,1.29
638,42969.76,29624.51,29622.06,2063.38,670.76,0.05,1337.79,27556.16,1.28
639,43194.07,29478.72,29476.30,2090.08,679.46,0.05,1356.50,27383.74,1.26
640,43796.20,29767.85,29765.44,2094.87,683.52,0.06,1356.88,27668.09,1.26
641,43580.89,29671.88,29669.48,2092.90,677.78,0.06,1360.50,27574.11,1.25
642,43689.39,29544.03,29541.63,2084.95,670.29,0.06,1359.16,27454.18,1.26
643,43870.25,29458.33,29455.96,2091.63,664.30,0.06,1372.59,27361.84,1.26
644,44670.87,30020.23,30017.86,2131.20,668.78,0.06,1407.46,27884.18,1.26
645,45620.60,30634.22,30631.87,2123.76,666.70,0.06,1402.79,28505.62,1.27
646,46242.54,31007.38,31005.00,2160.84,668.21,0.06,1438.61,28841.66,1.26
647,45770.65,30874.38,30872.00,2183.83,666.52,0.07,1463.47,28685.68,1.25
648,45707.60,30643.78,30641.37,2192.27,671.11,0.06,1467.80,28446.59,1.24
649,45725.57,30403.80,30401.43,2174.66,667.76,0.06,1453.47,28224.30,1.23
650,45672.81,30084.37,30082.00,2148.16,662.13,0.07,1427.99,5.34,27931.34,1.26
651,44976.66,29815.38,29813.05,2116.25,653.41,0.06,1405.78,27694.35,1.24
652,45028.94,29526.38,29524.08,2103.49,655.53,0.06,1391.62,27418.17,1.23
653,44460.71,29380.82,29378.55,2134.94,660.92,0.07,1417.52,27241.21,1.20
654,44702.74,29379.88,29377.63,2198.42,659.49,0.06,1474.29,7.24,27176.85,1.18
655,44903.49,29490.83,29488.59,2203.54,662.43,0.06,1476.56,27282.67,1.20
656,44700.14,29284.25,29282.03,2179.11,662.31,0.06,1448.25,5.40,27100.57,1.18
657,44710.72,29007.75,29005.55,2147.43,662.37,0.06,1417.98,26855.82,1.17
658,44023.31,28740.28,28738.04,2121.66,652.70,0.06,1403.38,26614.13,1.14
659,43413.31,28532.47,28530.28,2098.53,644.46,0.06,1389.90,26429.56,1.12
660,43048.48,28590.77,28588.62,2163.00,645.82,0.06,1453.75,26423.42,1.10
661,42975.74,28396.07,28393.96,2148.68,653.66,0.06,1432.70,26243.10,1.10
662,43663.49,28722.45,28720.33,2143.19,654.51,0.06,1426.67,26574.96,1.10
663,43927.90,29122.30,29120.16,2138.30,654.20,0.06,1423.19,26979.65,1.12
664,43730.22,29150.83,29148.64,2146.71,659.42,0.06,1421.79,5.55,26999.69,1.12
665,43995.32,29275.13,29272.94,2175.08,663.44,0.06,1445.36,27095.61,1.12
666,44071.70,29346.72,29344.50,2159.10,660.73,0.06,1432.52,27183.15,1.13
667,44523.93,29742.97,29740.77,2168.95,663.63,0.06,1439.23,27569.52,1.17
668,44221.71,29666.82,29664.60,2158.72,664.29,0.06,1429.65,27503.52,1.18
669,44193.82,29445.98,29443.74,2154.99,669.00,0.06,1422.36,27286.42,1.17
670,44670.80,29574.71,29572.43,2163.70,668.05,0.06,1433.04,27406.22,1.28
671,44335.73,29272.38,29270.12,2135.23,670.62,0.06,1403.30,27132.45,1.25
672,43931.94,29249.56,29247.31,2126.39,674.90,0.05,1389.96,27118.47,1.25
673,43890.56,29051.96,29049.63,2111.65,679.99,0.06,1371.02,26935.40,1.38
674,43528.67,29147.58,29145.21,2085.24,671.94,0.06,1353.04,27057.30,1.43
675,43401.38,28960.23,28957.85,2090.08,676.25,0.06,1348.88,5.58,26865.10,1.41
676,43689.61,28941.43,28939.04,2169.51,685.29,0.06,1419.89,26766.86,1.40
677,43893.51,28983.24,28980.86,2185.17,687.75,0.06,1433.11,26793.00,1.40
678,44235.60,29203.44,29201.07,2183.53,688.21,0.06,1431.12,27014.86,1.39
679,44046.01,29109.27,29106.80,2189.28,690.19,0.06,1435.21,26914.77,1.44
680,44737.22,29587.33,29584.79,2201.02,692.87,0.07,1445.31,27381.04,1.44
681,44328.94,29544.89,29542.32,2262.63,695.21,0.06,1505.17,27276.95,1.43
682,44669.41,29734.12,29731.58,2243.15,693.25,0.06,1488.39,27485.72,1.41
683,44483.69,29652.68,29650.16,2220.93,685.14,0.06,1474.40,27426.56,1.39
684,44633.87,29598.49,29596.01,2212.57,683.81,0.06,1467.33,27380.80,1.37
685,44557.90,29373.92,29371.49,2208.74,681.81,0.06,1465.98,27160.17,1.33
686,44818.93,29324.96,29322.53,2254.43,678.98,0.06,1514.82,27065.56,1.31
687,44669.54,29038.03,29035.63,2215.88,675.42,0.06,1480.65,26817.25,1.30
688,43964.54,28744.58,28742.21,2172.72,665.45,0.06,1448.51,26567.05,1.28
689,43550.59,28699.36,28697.00,2169.42,667.33,0.06,1443.53,26525.12,1.31
690,43613.75,28541.82,28539.47,2176.54,669.72,0.06,1449.35,26360.51,1.29
691,44462.19,29100.37,29097.98,2196.43,674.72,0.06,1463.94,26899.11,1.29
692,44272.58,29318.57,29316.22,2243.72,670.34,0.06,1516.45,27070.09,1.27
693,43968.79,29111.04,29108.73,2214.35,665.05,0.06,1487.86,5.30,26892.03,1.24
694,44070.39,28894.93,28892.67,2199.73,667.37,0.06,1472.02,26690.61,1.24
695,44196.49,28691.74,28689.51,2188.35,668.50,0.06,1460.68,26498.89,1.22
696,44236.82,28415.42,28413.23,2156.55,665.55,0.06,1432.82,26254.46,1.19
697,43876.67,28451.04,28448.90,2193.15,657.67,0.06,1478.02,26253.55,1.18
698,43756.87,28235.11,28233.01,2165.39,655.00,0.06,1453.85,26065.46,1.16
699,44171.36,29051.22,29049.06,2136.88,648.34,0.06,1432.74,26910.01,1.16
700,44494.22,29228.05,29225.91,2116.09,648.45,0.06,1411.26,27107.61,1.17
701,44177.07,28969.33,28967.19,2108.67,651.39,0.06,1401.11,26856.35,1.15
702,43743.58,28964.80,28962.66,2119.01,655.45,0.06,1406.31,26841.49,1.12
703,43651.64,28733.38,28731.22,2093.78,656.78,0.06,1380.65,26635.26,1.15
704,43090.20,28583.02,28580.85,2069.47,650.28,0.06,1358.38,5.42,26509.17,1.16
705,43371.85,28553.21,28551.04,2064.84,656.32,0.06,1347.80,26483.98,1.16
706,43514.21,28506.07,28503.86,2052.22,653.11,0.06,1339.36,26449.43,1.14
707,43457.87,28257.97,28255.79,2035.89,650.70,0.06,1326.09,26217.72,1.14
708,43112.70,28297.59,28295.41,2099.56,651.99,0.08,1388.97,26193.63,1.14
709,43050.95,28103.10,28100.93,2075.81,649.21,0.07,1368.76,26022.94,1.12
710,43045.59,28489.16,28486.99,2092.05,651.77,0.07,1382.15,26392.73,1.12
711,42851.74,28485.15,28482.99,2080.73,642.25,0.08,1380.56,26400.08,1.12
712,42857.96,28309.46,28307.29,2075.74,639.35,0.08,1379.24,26229.39,1.10
713,43182.21,28283.76,28281.57,2088.81,650.32,0.07,1381.15,26190.62,1.09
714,43377.20,28286.63,28284.45,2055.35,641.53,0.07,1357.35,26226.96,1.09
715,43326.15,28080.73,28078.59,2034.95,639.48,0.07,1339.87,26041.48,1.12
716,42738.95,27905.49,27903.39,2015.82,638.78,0.07,1322.37,25885.47,1.09
717,42164.68,27747.62,27745.56,1990.93,637.40,0.07,1299.63,25752.57,1.06
718,41916.48,27907.15,27905.05,2033.33,637.19,0.07,1341.48,25869.58,1.11
719,42013.68,27921.55,27919.41,2089.12,644.50,0.06,1390.33,25828.13,1.13
720,42137.38,27809.37,27807.20,2070.22,646.66,0.06,1369.53,25734.75,1.18
721,42263.70,27609.10,27606.86,2053.06,647.13,0.06,1346.16,6.38,25551.56,1.19
722,41693.13,27412.20,27409.97,2033.77,650.04,0.06,1324.84,25373.98,1.18
723,41195.38,27259.70,27257.44,2015.62,647.72,0.05,1309.65,25239.61,1.16
724,40825.52,27254.28,27251.96,2036.26,645.84,0.06,1332.54,25213.50,1.18
725,41724.91,27855.14,27852.78,2068.49,652.65,0.05,1357.52,25782.03,1.20
726,41297.16,27763.74,27761.39,2055.34,648.58,0.06,1348.67,25703.78,1.21
727,40743.16,27611.38,27609.00,2016.75,641.35,0.06,1318.40,25590.00,1.20
728,41133.47,27569.00,27566.57,2024.50,641.42,0.06,1318.94,7.08,25539.83,1.19
729,41269.38,27391.73,27389.34,2003.50,639.76,0.06,1300.85,25383.61,1.19
730,40748.62,27232.02,27229.67,1980.41,633.67,0.06,1285.16,25247.03,1.18
731,40359.91,27160.73,27158.31,1995.04,640.51,0.06,1293.79,25161.04,1.19
732,40568.10,26997.58,26995.17,1972.86,640.12,0.06,1272.96,25020.07,1.20
733,40320.63,27072.50,27070.12,1977.11,632.49,0.06,1284.70,25090.77,1.22
734,40425.06,26911.00,26908.65,1970.30,638.79,0.06,1272.76,24936.14,1.20
735,39921.45,26725.58,26723.27,1943.17,633.75,0.06,1251.53,24777.94,1.17
736,39520.59,26585.31,26583.02,1942.23,630.62,0.06,1254.76,24638.67,1.14
737,39112.89,26472.50,26470.20,1921.42,623.46,0.06,1242.07,24546.66,1.13
738,38722.78,26381.71,26379.47,1948.56,620.24,0.06,1272.21,24428.81,1.13
739,38482.00,26441.33,26439.09,1926.19,614.65,0.06,1256.18,24510.83,1.11
740,38901.52,26512.76,26510.51,1920.07,609.64,0.05,1255.20,24588.35,1.11
741,39279.00,26576.07,26573.82,1915.96,605.68,0.06,1254.62,24655.78,1.10
742,39590.93,26554.25,26551.97,1929.20,613.39,0.06,1260.84,24620.72,1.08
743,39976.47,26569.20,26566.79,1951.15,624.39,0.06,1272.54,24613.57,1.08
744,40782.40,27063.32,27060.85,1957.67,635.90,0.06,1268.18,25101.03,1.13
745,40924.04,27385.10,27382.64,1953.19,635.57,0.06,1264.65,25427.30,1.13
746,41142.95,27625.86,27623.41,1959.11,635.67,0.06,1270.21,25662.16,1.12
747,40990.74,27431.66,27429.25,1943.00,632.03,0.06,1258.40,25484.15,1.11
748,40696.26,27449.94,27447.57,1967.17,631.40,0.07,1283.68,25478.28,1.11
749,40890.82,27370.74,27368.38,1956.27,634.28,0.07,1270.31,25409.98,1.13
750,40892.23,27789.19,27786.81,1948.78,627.47,0.07,1270.07,25835.88,1.12
751,40638.41,27647.00,27644.53,1968.04,640.84,0.07,1275.45,25674.24,1.21
752,40410.03,27739.00,27736.46,1979.16,638.52,0.07,1288.85,25755.01,1.23
753,40438.11,27556.87,27554.32,1983.76,645.32,0.07,1279.90,6.80,25568.32,1.20
754,39954.34,27375.39,27372.87,1955.74,639.04,0.07,1259.19,25414.94,1.18
755,39551.77,27248.69,27246.22,1975.94,629.77,0.06,1288.96,25268.11,1.17
756,39103.22,27103.50,27101.06,1949.50,629.28,0.06,1263.87,25149.38,1.18
757,38715.60,26981.62,26979.19,1929.15,628.70,0.06,1245.12,25047.87,1.17
758,39266.64,27026.75,27024.31,1949.30,641.43,0.06,1253.31,25072.80,1.20
759,39537.97,26945.20,26942.75,1949.98,646.58,0.06,1249.38,24990.56,1.20
760,39976.26,26978.15,26975.72,1963.08,643.27,0.07,1265.94,25010.38,1.19
761,40136.03,26836.32,26833.92,1942.34,642.28,0.07,1246.65,24889.34,1.18
762,39667.20,26687.69,26685.33,1921.94,645.85,0.06,1223.26,24761.19,1.16
763,39497.97,26785.50,26783.15,1921.55,640.50,0.07,1222.40,5.94,24859.41,1.14
764,39841.01,26869.12,26866.80,1935.90,637.39,0.07,1240.53,24928.72,1.13
765,40212.83,26983.82,26981.51,1980.94,642.06,0.07,1280.08,24998.43,1.11
766,40330.09,26887.36,26884.99,1988.26,644.33,0.07,1285.81,24894.62,1.10
767,40696.75,26857.55,26855.22,1975.99,641.51,0.07,1276.63,24877.16,1.08
768,41116.12,26950.81,26948.45,1984.26,647.80,0.06,1277.63,24962.12,1.07
769,41216.80,26855.87,26853.56,1988.08,649.37,0.06,1280.88,24863.40,1.06
770,41507.52,26786.84,26784.56,1994.48,653.43,0.06,1284.21,24788.04,1.05
771,41752.45,26709.47,26707.19,2001.82,651.20,0.06,1294.09,24703.37,1.03
772,42106.02,26733.79,26731.54,1992.91,650.71,0.06,1280.77,5.76,24736.60,1.04
773,42493.32,26916.80,26914.56,1991.95,650.71,0.06,1279.22,24920.57,1.04
774,42788.12,27178.50,27176.29,2007.99,647.34,0.08,1299.51,25166.22,1.07
775,43396.32,27843.77,27841.52,2007.19,646.98,0.08,1300.03,25832.25,1.07
776,43792.44,27913.81,27911.54,2051.60,661.76,0.08,1329.85,25857.84,1.08
777,43662.73,27690.62,27688.40,2028.22,656.98,0.08,1306.97,5.32,25658.10,1.08
778,43275.55,27722.05,27719.85,2022.34,649.84,0.08,1309.01,25695.47,1.06
779,43364.32,27679.30,27677.12,2023.18,650.62,0.08,1309.48,25651.90,1.06
780,43572.95,27661.52,27659.32,2019.11,650.76,0.08,1305.51,25638.19,1.04
781,43697.60,27620.65,27618.45,2015.65,645.16,0.07,1306.76,25600.74,1.06
782,44229.65,27970.96,27968.78,2032.06,639.01,0.07,1330.08,25934.58,1.08
783,44246.68,28201.80,28199.63,2051.34,645.00,0.08,1343.15,26146.16,1.08
784,43938.46,28000.31,27998.17,2047.53,651.54,0.08,1333.27,25948.54,1.07
785,43272.46,27789.74,27787.64,2032.83,651.81,0.08,1313.64,5.81,25752.72,1.07
786,42658.01,27586.16,27584.07,2008.16,644.12,0.07,1298.22,25573.86,1.05
787,42670.85,27987.25,27985.16,1988.77,641.54,0.07,1282.74,25994.27,1.11
788,42483.64,27988.38,27986.30,2000.50,645.88,0.07,1290.21,25983.60,1.13
789,42484.96,27788.85,27786.76,1982.22,646.20,0.07,1272.75,25802.29,1.16
790,42064.42,27752.50,27750.40,1963.97,647.15,0.07,1254.61,25784.20,1.17
791,41477.01,27654.75,27652.61,1963.86,645.63,0.07,1256.12,25686.54,1.15
792,40937.21,27547.32,27545.20,1960.41,649.55,0.06,1249.61,25582.63,1.13
793,40525.83,27528.81,27526.68,1954.92,647.54,0.06,1247.21,25569.60,1.13
794,40724.22,27411.93,27409.83,1975.58,648.81,0.06,1267.69,25432.14,1.11
795,40186.25,27246.14,27244.08,1946.90,646.93,0.06,1241.74,25295.11,1.09
796,39916.89,27277.05,27275.01,1942.36,646.38,0.07,1238.04,25330.61,1.07
797,40078.77,27139.29,27137.30,1941.32,656.18,0.07,1228.03,25193.97,1.05
798,39792.02,27188.14,27186.17,1943.12,654.01,0.07,1232.25,25241.07,1.02
799,40263.87,27369.74,27367.82,1943.03,649.33,0.06,1236.76,25422.85,1.01
800,40311.68,27247.75,27245.86,1944.15,644.99,0.07,1242.56,25299.81,0.99
801,40050.60,27336.99,27335.11,1943.91,640.74,0.06,1247.30,25389.31,0.97
802,40297.88,27320.49,27318.62,1933.70,635.63,0.07,1242.94,25383.02,0.97
803,39646.78,27119.76,27117.92,1925.94,634.60,0.06,1231.20,5.82,25190.11,0.96
804,39240.82,26955.81,26954.00,1917.77,642.96,0.06,1214.25,25034.39,0.94
805,38830.36,26800.46,26798.68,1914.17,641.63,0.07,1212.82,24882.70,0.93
806,38437.91,26635.59,26633.83,1901.00,646.00,0.07,1196.17,24731.06,0.91
807,38270.44,26682.82,26681.03,1962.46,639.03,0.07,1264.65,24716.77,0.92
808,38519.27,26565.77,26563.99,1957.29,636.46,0.07,1263.01,24604.93,0.91
809,38148.66,26455.66,26453.86,1944.23,640.37,0.07,1241.57,5.29,24507.88,0.90
810,37806.38,26340.73,26338.94,1920.57,639.28,0.07,1220.01,24416.64,0.89
811,37589.56,26356.27,26354.33,1922.95,638.13,0.08,1217.26,6.75,24429.60,0.91
812,37945.23,26284.98,26283.03,1919.93,637.95,0.08,1215.80,24361.28,0.93
813,37604.98,26220.66,26218.68,1936.56,638.85,0.07,1232.43,24280.26,0.97
814,37238.38,26125.51,26123.52,1907.06,632.02,0.07,1211.21,24214.57,1.00
815,37123.67,26231.79,26229.82,1903.88,628.81,0.07,1211.70,24324.06,0.99
816,37569.25,26307.56,26305.61,1899.59,625.50,0.07,1211.14,24404.13,1.00
817,37905.14,26267.90,26265.97,1903.24,623.74,0.07,1216.66,24360.82,1.00
818,37814.03,26452.55,26450.53,1970.57,627.25,0.07,1279.49,24477.91,1.11
819,38359.13,26739.54,26737.39,2032.58,636.58,0.08,1332.62,24702.63,1.17
820,39015.96,27264.21,27261.92,2079.87,657.96,0.08,1357.15,25179.62,1.31
821,39101.39,27475.63,27473.29,2106.25,661.52,0.07,1375.63,5.61,25364.53,1.34
822,39302.02,27509.63,27507.25,2116.66,667.33,0.07,1381.53,25388.04,1.38
823,39678.07,27559.67,27557.29,2143.77,670.77,0.08,1405.81,25410.94,1.39
824,40048.70,27603.39,27600.98,2168.32,672.87,0.09,1429.08,25430.08,1.39
825,40365.55,27642.12,27639.72,2160.43,669.47,0.08,1426.02,25476.67,1.41
826,40417.02,27419.30,27416.88,2142.35,671.07,0.08,1401.85,5.69,25271.92,1.44
827,39968.40,27226.81,27224.42,2121.91,677.41,0.08,1375.97,25099.92,1.41
828,39577.91,27101.55,27099.19,2109.96,675.09,0.08,1367.66,24986.71,1.39
829,39366.92,27199.83,27197.46,2143.71,678.25,0.09,1399.50,25051.23,1.37
830,39561.62,27126.80,27124.40,2163.72,681.66,0.09,1417.37,24958.20,1.36
831,39055.52,27000.64,26998.26,2160.23,692.40,0.09,1403.86,24835.57,1.34
832,38664.59,26904.23,26901.87,2135.72,690.87,0.08,1382.08,24763.74,1.33
833,38202.46,26733.60,26731.28,2100.32,682.80,0.08,1356.13,24628.60,1.30
834,37872.19,26599.79,26597.51,2070.60,676.34,0.07,1332.95,24524.59,1.29
835,37555.38,26495.32,26493.04,2057.87,677.96,0.08,1319.28,24432.91,1.27
836,37357.53,26523.17,26520.90,2067.04,673.30,0.08,1333.31,24451.63,1.24
837,37090.62,26600.83,26598.58,2080.59,676.03,0.08,1344.18,24515.78,1.23
838,38156.73,27248.09,27245.84,2104.45,679.68,0.08,1355.18,9.19,25139.15,1.23
839,38599.59,27884.12,27881.71,2093.68,676.24,0.08,1347.79,25785.49,1.45
840,39097.97,28568.46,28566.08,2097.14,679.05,0.08,1349.93,26466.41,1.44
841,39496.63,29246.53,29244.18,2123.90,683.10,0.08,1373.03,27117.77,1.42
842,39145.76,29189.11,29186.80,2147.90,692.00,0.08,1388.36,27036.39,1.40
843,39320.89,28945.36,28943.07,2120.08,687.77,0.08,1365.89,26820.45,1.45
844,38975.11,28780.43,28778.13,2084.12,680.88,0.08,1337.64,26691.46,1.45
845,38604.18,28649.03,28646.69,2068.32,685.37,0.08,1318.64,26575.79,1.48
846,38579.26,28882.12,28879.76,2055.65,684.59,0.08,1306.76,26821.57,1.46
847,38641.84,28766.21,28763.86,2055.35,684.19,0.08,1308.12,26705.98,1.47
848,38360.58,28755.36,28752.99,2086.78,685.55,0.08,1333.69,5.63,26663.67,1.47
849,38541.04,28520.35,28518.00,2059.67,683.31,0.07,1310.12,26455.81,1.46
850,38135.46,28267.61,28265.30,2026.42,677.68,0.07,1283.66,26236.43,1.42
851,37927.59,28150.13,28147.85,1998.48,674.61,0.07,1260.08,26146.96,1.40
852,37485.62,27937.54,27935.28,1997.76,677.19,0.07,1257.68,25935.16,1.38
853,37424.47,27997.21,27994.95,1988.89,668.45,0.08,1257.99,26003.70,1.38
854,37700.33,27869.61,27867.39,1994.59,669.07,0.08,1263.30,25870.43,1.36
855,37301.53,27678.26,27675.99,1999.82,670.00,0.08,1268.68,25673.82,1.35
856,37006.08,27523.30,27521.05,1991.30,668.79,0.07,1261.26,25527.45,1.32
857,36861.38,27530.09,27527.85,1983.99,664.01,0.08,1259.05,25541.57,1.30
858,37340.54,27533.24,27531.03,1973.62,655.58,0.08,1257.47,25555.13,1.30
859,37594.09,27330.57,27328.38,1957.54,656.01,0.07,1242.00,25368.59,1.28
860,37265.88,27135.36,27133.19,1950.58,647.23,0.07,1244.93,25180.39,1.25
861,37199.61,27195.11,27192.94,1970.99,648.90,0.07,1264.11,25219.77,1.22
862,37493.27,27053.68,27051.51,1979.97,650.60,0.07,1271.10,25069.39,1.23
863,37330.78,27077.89,27075.74,1975.26,647.90,0.07,1269.09,25098.36,1.21
864,37594.28,26908.83,26906.72,1956.86,646.82,0.07,1252.74,24947.76,1.19
865,37300.20,26778.98,26776.87,1956.86,650.25,0.07,1249.15,24817.92,1.18
866,36958.97,26627.98,26625.66,1940.39,648.51,0.07,1235.30,24683.22,1.16
867,36661.83,26486.91,26484.66,1925.40,648.78,0.07,1220.92,24557.25,1.13
868,36394.76,26366.61,26364.39,1929.13,647.89,0.07,1226.21,24433.28,1.10
869,36136.93,26260.84,26258.62,1914.56,652.15,0.06,1207.98,24342.07,1.12
870,36077.88,26357.93,26355.73,1920.01,649.71,0.06,1208.96,6.79,24433.76,1.10
871,36767.50,26593.46,26591.29,1932.21,649.12,0.07,1222.74,24657.08,1.12
872,36980.19,26533.77,26531.62,1922.56,652.27,0.07,1210.46,24607.07,1.11
873,36628.21,26428.47,26426.30,1915.47,653.87,0.06,1202.81,24508.86,1.10
874,36521.78,26502.70,26500.54,1902.19,652.61,0.07,1191.78,24596.39,1.09
875,37622.81,27172.56,27170.38,1926.03,654.09,0.07,1213.97,25242.34,1.10
876,37701.07,27440.26,27438.09,1905.35,648.70,0.07,1199.59,25530.72,1.12
877,38280.08,27806.65,27804.48,1903.69,651.72,0.07,1195.92,25898.78,1.12
878,38213.29,27673.19,27671.02,1908.97,657.57,0.07,1196.18,25760.07,1.09
879,38039.66,27732.13,27729.98,1966.45,664.05,0.06,1246.74,25761.53,1.08
880,38444.43,27768.07,27765.97,1999.30,662.48,0.07,1281.03,25764.68,1.07
881,38601.24,27557.85,27555.78,1975.53,663.48,0.06,1256.98,25578.29,1.04
882,38208.54,27344.29,27342.25,1942.28,658.40,0.07,1229.57,25398.00,1.07
883,37853.19,27146.27,27144.24,1926.67,657.36,0.07,1215.43,25215.64,1.04
884,38330.59,27792.50,27790.48,1939.98,665.08,0.06,1220.45,25848.57,1.04
885,38229.93,27865.05,27863.03,1937.71,660.88,0.06,1211.98,11.05,25923.37,1.02
886,38687.93,27984.43,27982.43,1996.96,673.17,0.06,1260.18,25983.53,1.00
887,38787.27,27802.57,27800.57,1974.09,670.09,0.06,1241.51,25824.58,0.98
888,39149.73,28357.35,28355.38,1968.64,664.25,0.06,1242.06,26384.82,1.01
889,39119.49,28483.76,28481.75,1982.82,664.98,0.06,1251.27,5.38,26496.99,1.02
890,39760.98,28873.91,28871.87,2032.08,673.35,0.06,1291.99,26837.80,1.03
891,39500.86,28639.78,28637.76,2030.42,669.22,0.06,1295.70,26605.38,1.01
892,39112.55,28454.51,28452.53,2022.06,670.65,0.07,1278.88,8.11,26428.57,0.99
893,38840.74,28416.27,28414.29,2012.40,663.69,0.07,1276.94,26400.01,0.98
894,39684.53,28859.71,28857.71,2026.92,668.19,0.08,1287.32,26828.87,1.00
895,39639.21,28887.90,28885.85,2014.28,667.23,0.07,1271.64,5.75,26869.56,1.07
896,39923.01,28857.11,28855.05,2021.50,668.68,0.07,1279.13,26831.53,1.09
897,40888.40,29460.65,29458.59,2105.33,671.06,0.08,1351.35,9.77,27351.21,1.09
898,40856.21,29712.17,29710.10,2119.59,667.43,0.08,1369.85,27588.45,1.10
899,40730.37,29540.83,29538.76,2111.78,674.92,0.08,1354.62,27424.90,1.09
900,40325.70,29459.21,29457.15,2099.76,670.98,0.08,1348.08,27355.27,1.15
