frame,live,checksum,freelist_ok,freelist_count,segments,local_alloc,rescue
1,0,5ebf58179c817803,1,0,8,0,0
2,61,4e4f67c707115a4c,1,0,8,0,0
3,122,6d859f9d95ddee7e,1,0,8,0,0
4,183,860eea40b57b99d6,1,0,8,0,0
5,244,b3807dd80d7ef37d,1,0,8,0,0
6,305,25ba5980e5527c3f,1,0,8,0,0
7,366,c6cf22812d7fc830,1,0,8,0,0
8,427,e4a36c64da2969d4,1,0,8,0,0
9,488,963b5b9e0faabd99,1,0,8,0,0
10,528,8e8aaf56f307885e,1,0,8,0,0
11,568,c3da703c0e15eeeb,1,0,8,0,0
12,608,049544fbd751f3be,1,0,8,0,0
13,648,9ff2f2077ed6dc04,1,0,8,0,0
14,688,39bcb966e59ec5cc,1,0,8,0,0
15,729,5e1cd2667f245906,1,0,8,0,0
16,770,2710092fa8bf71a0,1,0,8,0,0
17,810,bacd732f087c0fc9,1,0,8,0,0
18,850,62ce7fb1b10937b3,1,0,8,0,0
19,890,01ce695e2600c7ea,1,0,8,0,0
20,930,b80ec0becd985fd7,1,0,8,0,0
21,970,968eb84a9c36d568,1,0,8,0,0
22,1010,ad7a0cf76a9909b3,1,0,8,0,0
23,1050,3dc703079de1daa0,1,0,8,0,0
24,1090,c9a2ab4991e177d6,1,0,8,0,0
25,1131,ad13a56842da3bcc,1,0,8,0,0
26,1187,f6b044f7f8db6629,1,1,8,0,0
27,1245,0dfc8121d8b3e234,1,0,8,1,0
28,1303,057a8595b56a2219,1,0,8,1,0
29,1361,5675871de55e75d9,1,1,8,1,0
30,1420,0f145eaf7a778a92,1,0,8,2,0
31,1479,5974c7df7b218509,1,0,8,2,0
32,1537,0ff80b88a87f914d,1,1,8,2,0
33,1597,e7ce59ed3dd11996,1,0,8,3,0
34,1641,004200805c7e8745,1,1,8,3,0
35,1699,72c3aa119d1803eb,1,1,8,4,0
36,1758,943ab4906b00735a,1,0,8,5,0
37,1818,4589a579a1f20df1,1,0,8,5,0
38,1876,a265564e40e550f6,1,2,8,5,0
39,1928,d3b8178e422b4874,1,0,8,7,0
40,1980,d6710723abbbf9ba,1,0,8,7,0
41,2036,ccc81f2c7dfbdf27,1,1,8,7,0
42,2095,347823feb92a5edd,1,1,8,8,0
43,2153,3cf5a9fb6a0fb3a7,1,0,8,9,0
44,2210,0a5de85a680258ef,1,1,8,9,0
45,2268,ff340f0cb09cba45,1,0,8,10,0
46,2325,db2f871f2191de98,1,1,8,10,0
47,2383,6be6a13ad284f4d9,1,1,8,11,0
48,2442,71d134bb253fc5d6,1,0,8,12,0
49,2502,e7aa2e519dfb5acf,1,0,8,12,0
50,2562,5e3ad9a05208aafd,1,1,8,12,0
51,2623,f400f0285252d014,1,0,8,13,0
52,2678,6268e33229feed73,1,3,8,13,0
53,2735,1bff5be248df2b1a,1,1,8,16,0
54,2795,b58e6d0d0a09fbf0,1,1,8,17,0
55,2855,bf4c6b35fec2dc56,1,0,8,18,0
56,2913,7668a65002d5c461,1,2,8,18,0
57,2970,6495f231f09dd392,1,0,8,20,0
58,3030,44447a9d66d046fb,1,0,8,20,0
59,3088,0b53ad22a658ea42,1,1,8,20,0
60,3148,2aa11e8e94fc39b7,1,1,8,21,0
61,3204,cc28cb6d56fbe383,1,3,8,22,0
62,3263,3778c853aac46d28,1,1,8,25,0
63,3319,91b20237eac0beb1,1,2,8,26,0
64,3378,0a2ee54f1ace0e59,1,0,8,28,0
65,3436,d0507dca34cbf10f,1,0,8,28,0
66,3493,4f158b8c3d486aaf,1,2,8,28,0
67,3550,abd98211c7aeb5bd,1,1,8,30,0
68,3605,071b35239262a385,1,3,8,31,0
69,3662,36c00075e450c690,1,1,8,34,0
70,3719,743e98ff75aa3b76,1,2,8,35,0
71,3778,1b9ad6152ea38938,1,0,8,37,0
72,3836,b33d7c5307fea62c,1,1,8,37,0
73,3891,a2b52e46fb33c2d4,1,4,8,38,0
74,3948,29b4f0372192d8af,1,2,8,42,0
75,3952,bd9d15559f475bd2,1,54,8,44,0
76,3951,12a5261a7bc9a138,1,61,8,98,0
77,3950,7c1d63a06765c51d,1,62,8,158,0
78,3948,ef9627c21a7d0f06,1,64,8,217,0
79,3947,d0efc49ce37a9e38,1,65,8,275,0
80,3944,3516381c0512c6ec,1,68,8,335,0
81,3942,aa5589a3696b505d,1,70,8,395,0
82,3941,0d5ecc515b8f0562,1,71,8,453,0
83,3938,d32b2b6eb4157bf0,1,74,8,512,0
84,3937,a3d15045e834fa31,1,75,8,571,0
85,3934,d53b458502e80f10,1,78,8,629,0
86,3933,f0bda7c2cddfa8a7,1,79,8,687,0
87,3929,dd1412e769228859,1,83,8,745,0
88,3927,3a4b368c81ed2801,1,85,8,803,0
89,3926,bfd5c4e63cacc4a9,1,86,8,862,0
90,3923,a23beb7c1add127a,1,89,8,922,0
91,3923,832029e8aab5319d,1,89,8,980,0
92,3921,92d05dd848fdcc54,1,91,8,1040,0
93,3920,dfab6759e22b4e4b,1,92,8,1099,0
94,3917,bddd1f53535a0039,1,95,8,1159,0
95,3916,d34caffab08eacf4,1,96,8,1217,0
96,3913,258f218ffdf05aa3,1,99,8,1277,0
97,3911,0304975b55b8ae3b,1,101,8,1336,0
98,3908,90bc41d98544a43b,1,104,8,1395,0
99,3905,3cb92d950e8ca52b,1,107,8,1455,0
100,3904,98f426bd4caf5051,1,108,8,1514,0
101,3901,905c4ebc8f953467,1,111,8,1575,0
102,3900,61ca78d0f238966d,1,112,8,1635,0
103,3899,ce373030f793320c,1,113,8,1695,0
104,3897,20797f0be67b1736,1,115,8,1755,0
105,3896,90f1e52d8b69085c,1,116,8,1814,0
106,3894,2af740623209d1dd,1,118,8,1872,0
107,3892,343d60c3f311284c,1,120,8,1933,0
108,3891,f4afc52ad467327b,1,121,8,1994,0
109,3891,901e1d61ddaf549c,1,121,8,2053,0
110,3889,c2ef1a5c3a175005,1,123,8,2114,0
111,3888,9588846144151925,1,124,8,2172,0
112,3888,d394405f58b1b45d,1,124,8,2233,0
113,3888,c8441ef243e2f8bb,1,124,8,2291,0
114,3886,f1872d982a0adb75,1,126,8,2351,0
115,3882,be6a14373d5fa01d,1,130,8,2411,0
116,3882,9d979cb059eccb82,1,130,8,2472,0
117,3882,c40bf60fca83db93,1,130,8,2532,0
118,3882,21fd46152096d03b,1,130,8,2592,0
119,3881,531409b853c0d639,1,131,8,2652,0
120,3881,0bc523546a8e123a,1,131,8,2713,0
121,3881,5169a76ccc000181,1,131,8,2769,0
122,3881,62b8706a02af0f28,1,131,8,2829,0
123,3881,f3044470a73f8ab2,1,131,8,2889,0
124,3881,d6b65477860b8a1b,1,131,8,2950,0
125,3881,e524473d14bc030d,1,131,8,3010,0
126,3881,2edfc13d6b0d67dd,1,131,8,3070,0
127,3881,f11e7e64ea59966b,1,131,8,3130,0
128,3881,36528372428982e1,1,131,8,3191,0
129,3881,c95e114e5cdbae28,1,131,8,3247,0
130,3881,d71ca9d1f2560702,1,131,8,3307,0
131,3881,636848aaa4d4053d,1,131,8,3367,0
132,3880,aa209eb3a582f689,1,132,8,3427,0
133,3880,f8060f809322729e,1,132,8,3487,0
134,3880,806a8e9a69030d38,1,132,8,3547,0
135,3880,dae3c7ea3a6830de,1,132,8,3608,0
136,3880,894ebfc24e723ab1,1,132,8,3669,0
137,3880,888cfb8f7808e761,1,132,8,3724,0
138,3880,5e85aa962299f22d,1,132,8,3785,0
139,3880,e4473a8b0570ec2a,1,132,8,3845,0
140,3880,84b4e23a02fa557c,1,132,8,3905,0
141,3880,be87b8ed78e93989,1,132,8,3965,0
142,3880,4327116fe08686af,1,132,8,4025,0
143,3880,103a2b6dd9bff7f8,1,132,8,4086,0
144,3880,295832cc44a3166e,1,55,8,4147,0
145,3880,5cfdb1fd325bfe1f,1,57,8,4202,0
146,3880,14df83c90d80f413,1,60,8,4259,0
147,3880,14d3a122ef3efa32,1,61,8,4319,0
148,3880,776a73463c3a4004,1,61,8,4380,0
149,3880,16d83f3763472409,1,61,8,4441,0
150,3880,52007734fbd4964c,1,61,8,4501,0
151,3880,da29f2827324d2c4,1,61,8,4560,0
152,3880,a103e2ab7ab47d58,1,61,8,4621,0
153,3880,1143ee2cf706a98c,1,61,8,4680,0
154,3880,45bb8797902bc123,1,61,8,4740,0
155,3880,2fd135bd2dabece7,1,61,8,4801,0
156,3880,1aa54f22df7944dc,1,61,8,4862,0
157,3880,8f434fbb24150364,1,61,8,4923,0
158,3880,0a8578ffb03fcec8,1,61,8,4984,0
159,3880,94dbc9cdad23a92a,1,61,8,5044,0
160,3880,3fa3e66b353c838b,1,61,8,5105,0
161,3880,6cbb4bcd217ec689,1,61,8,5160,0
162,3880,bca92c7353e23f2f,1,61,8,5218,0
163,3880,b6b9a3ba58b01551,1,61,8,5278,0
164,3880,818c42f0ca7c9207,1,61,8,5337,0
165,3880,28c6c467ce5966fa,1,61,8,5395,0
166,3880,986180589c8de3c1,1,61,8,5455,0
167,3880,f571bdf9bcc8c9eb,1,61,8,5514,0
168,3880,a72b128909ced5f5,1,61,8,5575,0
169,3880,bb06b0ae813bfd87,1,61,8,5630,0
170,3880,a7deabbccde2e060,1,61,8,5691,0
171,3880,893c2f5b93533c4a,1,61,8,5751,0
172,3880,83a49e2b46283f25,1,61,8,5811,0
173,3880,034fa77db011a67c,1,61,8,5871,0
174,3880,bb1f534fad23df77,1,61,8,5932,0
175,3880,c4e4e3b7fee10654,1,61,8,5991,0
176,3880,56e2ae386af36a49,1,61,8,6052,0
177,3880,2989ef6871a52e4f,1,61,8,6110,0
178,3880,ba8c16f08b9d753d,1,61,8,6168,0
179,3880,ebd3078d2bf3954f,1,61,8,6228,0
180,3880,88a98c0415b24ead,1,61,8,6288,0
181,3880,9c980c00ff468e4a,1,61,8,6348,0
182,3880,592a22663add1888,1,61,8,6409,0
183,3880,94684b2e6da1321f,1,61,8,6469,0
184,3880,ade6b4bc2a2596f5,1,61,8,6530,0
185,3880,b77ee7827ed50994,1,61,8,6590,0
186,3880,17e39b663b8ca247,1,61,8,6651,0
187,3880,954e818424590fb8,1,61,8,6711,0
188,3880,85a6ffa8efdb6acb,1,61,8,6771,0
189,3880,575cbc1b4479280a,1,61,8,6831,0
190,3880,6e752a69765329b4,1,61,8,6891,0
191,3880,3aa7885298472e19,1,61,8,6950,0
192,3880,eeb4ffd61a5bb591,1,61,8,7011,0
193,3880,999b5aed89385b08,1,61,8,7067,0
194,3880,6150348aaaaf6903,1,61,8,7127,0
195,3880,cce591d1a84966bd,1,61,8,7188,0
196,3880,77b8bd03bfd86965,1,61,8,7249,0
197,3880,fbc60fd18a523220,1,61,8,7308,0
198,3880,3c522824bb1b26d8,1,61,8,7368,0
199,3880,3ec5b3ca110793f0,1,61,8,7428,0
200,3880,32f8002cfd7b750a,1,61,8,7489,0
201,3880,ea712157a2d125d1,1,61,8,7548,0
202,3880,28c3bb9b919f9dd2,1,61,8,7607,0
203,3880,91d26d46653a6a01,1,61,8,7667,0
204,3880,47c447a46c5528ed,1,61,8,7725,0
205,3880,d645372a7e843de5,1,61,8,7782,0
206,3880,cc1577052009995d,1,61,8,7838,0
207,3880,19fe3eab397c9c06,1,61,8,7897,0
208,3880,409535f5572456e1,1,61,8,7958,0
209,3880,2d0ca045492e0ae0,1,61,8,8018,0
210,3880,efebc04189ace118,1,61,8,8079,0
211,3880,74f3acedc6a135f4,1,61,8,8139,0
212,3880,c5774856516ff400,1,61,8,8199,0
213,3880,b854f9e3d30030a1,1,61,8,8259,0
214,3880,fec186e6a48c30ca,1,61,8,8318,0
215,3880,5342c752393735bf,1,59,8,8378,0
216,3880,b2d0cd4041b7a008,1,61,8,8437,0
217,3880,176de6c45dc62a38,1,61,8,8495,0
218,3880,d094f42a6b3a7e0c,1,61,8,8555,0
219,3880,6e727e449dc9d27a,1,61,8,8614,0
220,3880,1bf1709d121e548e,1,61,8,8674,0
221,3880,ba91baa1aaafcd3d,1,61,8,8732,0
222,3880,282f13dd5494795c,1,61,8,8791,0
223,3880,9684c1b2e12d710c,1,61,8,8851,0
224,3880,18fba2dcbaf122c8,1,61,8,8912,0
225,3880,e090c6d10714c9d8,1,61,8,8968,0
226,3880,cf9aea75e5b93a4d,1,61,8,9027,0
227,3880,de538de2e837d58f,1,61,8,9086,0
228,3880,254905ee69d9f3d7,1,61,8,9144,0
229,3880,08860b9774b04271,1,61,8,9203,0
230,3880,8449b7840929711f,1,61,8,9262,0
231,3880,f941081c02ac63ea,1,61,8,9322,0
232,3880,b26c469b9bf91547,1,61,8,9383,0
233,3880,f875f78546c7a036,1,61,8,9440,0
234,3880,624c1ca3b58ebf3c,1,61,8,9501,0
235,3880,5e29ed61bfb990d9,1,61,8,9560,0
236,3880,24c14b060a100058,1,61,8,9620,0
237,3880,924a6e917fb2d056,1,61,8,9678,0
238,3880,0629170553d737ed,1,61,8,9738,0
239,3880,7b1d5648f8c7d90a,1,61,8,9799,0
240,3880,02c08536f3246ac1,1,61,8,9860,0
241,3880,847bd3fcf91a4f02,1,61,8,9919,0
242,3880,7912d181de7d4063,1,61,8,9978,0
243,3880,13d5a6b0a9d24802,1,61,8,10038,0
244,3880,e7684ce700ad3269,1,61,8,10097,0
245,3880,4202e57c4e46822a,1,61,8,10158,0
246,3880,26927c5d7d2c53be,1,61,8,10217,0
247,3880,3af8b85ffa4e5c31,1,61,8,10278,0
248,3880,433cdd3307d6583b,1,61,8,10339,0
249,3880,aa9352ef0f07c6b8,1,61,8,10396,0
250,3880,1cd6c459ce6a366a,1,61,8,10455,0
251,3880,5ae103f669d616b8,1,61,8,10515,0
252,3880,986a23c94621ccb7,1,61,8,10573,0
253,3880,5a01f588242d5e32,1,61,8,10633,0
254,3881,7e14ccee5e305eb3,1,60,8,10693,0
255,3881,7120066cd72236b1,1,61,8,10753,0
256,3881,d325626138ce80e6,1,61,8,10814,0
257,3881,782f3def30467a63,1,61,8,10871,0
258,3881,b9e11fb98c1fc7bd,1,61,8,10931,0
259,3881,83149b5524a95a80,1,61,8,10990,0
260,3881,1e16797e2ad177e5,1,61,8,11051,0
261,3881,07db6866a9d1f162,1,61,8,11108,0
262,3882,cc58a77dbbfd9a78,1,60,8,11167,0
263,3882,79b047adde0d1b4f,1,60,8,11225,0
264,3882,e4123d3b1b233874,1,60,8,11285,0
265,3882,3d4e17b854386448,1,60,8,11342,0
266,3882,cd72b56bb24329e1,1,60,8,11402,0
267,3882,4cc24f50e0beeaf9,1,60,8,11460,0
268,3882,1833c4829717bb40,1,60,8,11520,0
269,3882,36cde4a573136e24,1,60,8,11579,0
270,3883,9996468d0a86c3ec,1,59,8,11638,0
271,3883,e60dcc701d4e888f,1,61,8,11697,0
272,3883,13c0268fed9b7b56,1,61,8,11757,0
273,3883,5b8e1e903ea939c5,1,61,8,11814,0
274,3883,7d4445ba539ef6ab,1,61,8,11874,0
275,3883,75bd234c25f5a345,1,61,8,11932,0
276,3883,a5b7af37eef4867a,1,61,8,11992,0
277,3883,6053fb48675777cc,1,61,8,12052,0
278,3883,b0555c8a3513fe45,1,61,8,12112,0
279,3883,9749a0300df1625f,1,61,8,12170,0
280,3883,234734b08c14a8e2,1,61,8,12231,0
281,3883,7a3d2c532e2d9c64,1,61,8,12288,0
282,3883,4fdf5a850ff4cb39,1,61,8,12349,0
283,3883,7922b2fb89bfd006,1,61,8,12408,0
284,3883,b56af19d720c842d,1,61,8,12468,0
285,3883,73d6ca6ed58746a2,1,61,8,12528,0
286,3883,d0b14aad13e5e814,1,61,8,12588,0
287,3883,1fb749e30b64a3e2,1,61,8,12649,0
288,3883,85ee5a153a110b48,1,61,8,12710,0
289,3883,a02ed5ad10ac2c86,1,61,8,12770,0
290,3883,35fdd3ab6b7d8af9,1,61,8,12830,0
291,3883,4369f8d43019a7be,1,61,8,12890,0
292,3883,94afc05659700749,1,61,8,12950,0
293,3883,65a0564f1bbed88d,1,61,8,13011,0
294,3883,7cde914af996301b,1,61,8,13071,0
295,3883,90809c71a1c9f7a4,1,61,8,13131,0
296,3883,b66f9495a71c977a,1,61,8,13192,0
297,3883,27913fae8301577d,1,61,8,13251,0
298,3883,9f906fcd1ef1e797,1,61,8,13312,0
299,3883,f20273f05283e990,1,61,8,13373,0
300,3883,89f80832aff382fa,1,61,8,13432,0
