frame,live,checksum,freelist_ok,freelist_count,segments,local_alloc,rescue,cls_parallel,cls_serial_type,cls_serial_move,cls_mispredict
1,143732,2316f342996c3aae,1,0,1,0,0,143732,0,0,0
2,143732,1dfbf37efbdfaf10,1,0,1,0,0,143732,0,0,0
3,143732,f9dc65b52f3e022c,1,0,1,0,0,143732,0,0,0
4,143732,9df39287504100f4,1,0,1,0,0,143732,0,0,0
5,143732,c5d62cdaa81578a0,1,0,1,0,0,143732,0,0,0
6,143732,1dfa9085b1c7469a,1,0,1,0,0,143732,0,0,0
7,143732,6c78c709e14cd7d4,1,0,1,0,0,143732,0,0,0
8,143732,e777ff74eaad16f5,1,0,1,0,0,143732,0,0,0
9,143732,278adb03c3c57ce6,1,0,1,0,0,143732,0,0,0
10,143732,210e8c0b09e824b9,1,0,1,0,0,143732,0,0,0
11,143732,0ebc914b7baac72f,1,0,1,0,0,143732,0,0,0
12,143732,cd81b350a4c68906,1,0,1,0,0,143732,0,0,0
13,143732,c5bdc3e25c77c6d8,1,0,1,0,0,143732,0,0,0
14,143732,b2c37c40049a00b8,1,0,1,0,0,143732,0,0,0
15,143732,33cbad6168b37e95,1,0,1,0,0,143732,0,0,0
16,143732,5dbee1b5cbe6de7b,1,0,1,0,0,143732,0,0,0
17,143732,b5c14fcbdae26bd6,1,0,1,0,0,143732,0,0,0
18,143732,1bb3f1bd7bb7cfed,1,0,1,0,0,143732,0,0,0
19,143732,f901e402d5916734,1,0,1,0,0,143732,0,0,0
20,143732,0bcdae2facca69bb,1,0,1,0,0,143732,0,0,0
21,143732,785f1ce10f498798,1,0,1,0,0,143732,0,0,0
22,143732,dacb276566880afa,1,0,1,0,0,143732,0,0,0
23,143732,6d8682dcca1753c2,1,0,1,0,0,143732,0,0,0
24,143732,8ae91e15c086ce53,1,0,1,0,0,143732,0,0,0
25,143732,5599921964584f56,1,0,1,0,0,143732,0,0,0
26,143732,5f4becede7937d51,1,0,1,0,0,143732,0,0,0
27,143732,43d8a912e258906b,1,0,1,0,0,143732,0,0,0
28,143732,0eb55953a581af53,1,0,1,0,0,143732,0,0,0
29,143732,7a2173a33c4da241,1,0,1,0,0,143732,0,0,0
30,143732,562dbeec962a09ac,1,0,1,0,0,143732,0,0,0
31,143732,1a31b909da8a3364,1,0,1,0,0,143732,0,0,0
32,143732,20273c890933b1ec,1,0,1,0,0,143732,0,0,0
33,143732,6aacef3437b04e62,1,0,1,0,0,143732,0,0,0
34,143732,7117b35ceb95a5a5,1,0,1,0,0,143732,0,0,0
35,143732,82489594f1279aea,1,0,1,0,0,143732,0,0,0
36,143732,81131b399efc6042,1,0,1,0,0,143732,0,0,0
37,143732,2c9017049ff89317,1,0,1,0,0,143732,0,0,0
38,143732,a15fef0f6f6c16b3,1,0,1,0,0,143732,0,0,0
39,143732,de75f494d26e1886,1,0,1,0,0,143732,0,0,0
40,143732,06d9b1fd76b4a465,1,0,1,0,0,143732,0,0,0
41,143732,8d89b357a509bb83,1,0,1,0,0,143732,0,0,0
42,143732,14a612777443e5aa,1,0,1,0,0,143732,0,0,0
43,143732,298f58e5d33dfb77,1,0,1,0,0,143732,0,0,0
44,143732,1feb413a73bddf9e,1,0,1,0,0,143732,0,0,0
45,143732,ec8427549199cd59,1,0,1,0,0,143732,0,0,0
46,143732,208176fcf3a48c15,1,0,1,0,0,143732,0,0,0
47,143732,765f05f7c55c89d9,1,0,1,0,0,143732,0,0,0
48,143732,c3799f5eeb6b0f40,1,0,1,0,0,143732,0,0,0
49,143732,5a3b12e2b4c2f0f5,1,0,1,0,0,143732,0,0,0
50,143732,fd41176532e4c0c8,1,0,1,0,0,143732,0,0,0
51,143732,c30caed71e31da28,1,0,1,0,0,143732,0,0,0
52,143732,88f5a24e5c6686fb,1,0,1,0,0,143732,0,0,0
53,143732,ef0f8db242f8ee8e,1,0,1,0,0,143732,0,0,0
54,143732,8a35450bdab90735,1,0,1,0,0,143732,0,0,0
55,143732,b5ca8db25144dc25,1,0,1,0,0,143732,0,0,0
56,143732,123aac0e20266219,1,0,1,0,0,143732,0,0,0
57,143732,d31f030651990451,1,0,1,0,0,143732,0,0,0
58,143732,a30553585447c160,1,0,1,0,0,143732,0,0,0
59,143732,45964b1d2e5dbc71,1,0,1,0,0,143732,0,0,0
60,143732,6c397fe3d39cba9d,1,0,1,0,0,143732,0,0,0
61,143732,ce1f60ee6f7b4efb,1,0,1,0,0,143732,0,0,0
62,143732,7f738f7ceaa23f1c,1,0,1,0,0,143732,0,0,0
63,143732,3a325a4ec925ebfe,1,0,1,0,0,143732,0,0,0
64,143732,9ab08a7123ab0aa9,1,0,1,0,0,143732,0,0,0
65,143732,b6fca66bf892b139,1,0,1,0,0,143732,0,0,0
66,143732,553cc493d58ab482,1,0,1,0,0,143732,0,0,0
67,143732,0ffb872d0db98719,1,0,1,0,0,143732,0,0,0
68,143732,147597bf7542b519,1,0,1,0,0,143732,0,0,0
69,143732,397558aced02dcb7,1,0,1,0,0,143732,0,0,0
70,143732,e8f31dc2f16909a3,1,0,1,0,0,143732,0,0,0
71,143732,1987bdb3b983aba0,1,0,1,0,0,143732,0,0,0
72,143732,2208b895b8e6dd1c,1,0,1,0,0,143732,0,0,0
73,143732,bb159179ffd33902,1,0,1,0,0,143732,0,0,0
74,143732,46ff7f16590f02d7,1,0,1,0,0,143732,0,0,0
75,143732,f3bc3c3fde15b6a0,1,0,1,0,0,143732,0,0,0
76,143732,0a21b241a04e316d,1,0,1,0,0,143732,0,0,0
77,143732,69c803514cec15c0,1,0,1,0,0,143732,0,0,0
78,143732,79a20ffffe433e67,1,0,1,0,0,143732,0,0,0
79,143732,545a707314343576,1,0,1,0,0,143732,0,0,0
80,143732,b34a3b8832bb1300,1,0,1,0,0,143732,0,0,0
81,143732,b79bcb68fea763f1,1,0,1,0,0,143732,0,0,0
82,143732,3d21ca840753e16d,1,0,1,0,0,143732,0,0,0
83,143732,14df1cbc56f089f6,1,0,1,0,0,143732,0,0,0
84,143732,d302c25af1d35f95,1,0,1,0,0,143732,0,0,0
85,143732,e730f489bf417f3f,1,0,1,0,0,143732,0,0,0
86,143732,fe180a7a1392a763,1,0,1,0,0,143732,0,0,0
87,143732,65ec6d7ccd1724be,1,0,1,0,0,143732,0,0,0
88,143732,0a5fb1cd933f82dd,1,0,1,0,0,143732,0,0,0
89,143732,11a4dd949b5f08e2,1,0,1,0,0,143732,0,0,0
90,143732,6696f552df2682fc,1,0,1,0,0,143732,0,0,0
91,143732,e433c81b5d1f5c55,1,0,1,0,0,143732,0,0,0
92,143732,f7227d8b45d890a3,1,0,1,0,0,143732,0,0,0
93,143732,39c1513291f79c06,1,0,1,0,0,143732,0,0,0
94,143732,18a2fe840bc848ff,1,0,1,0,0,143732,0,0,0
95,143732,f1875a515bd33e0b,1,0,1,0,0,143732,0,0,0
96,143732,f444a5c7018e407d,1,0,1,0,0,143732,0,0,0
97,143732,e20abf5608de7155,1,0,1,0,0,143732,0,0,0
98,143732,91249cea24cf35eb,1,0,1,0,0,143732,0,0,0
99,143732,505a9d21c04edf7d,1,0,1,0,0,143732,0,0,0
100,143732,c7af06d4fc548f7f,1,0,1,0,0,143732,0,0,0
101,143732,f7922808c5ca4ec2,1,0,1,0,0,143732,0,0,0
102,143732,cfce3bb461fe5307,1,0,1,0,0,143732,0,0,0
103,143732,085b69d7507f5780,1,0,1,0,0,143732,0,0,0
104,143732,1a4a08afbb588db1,1,0,1,0,0,143732,0,0,0
105,143732,77da845a0a2c0a51,1,0,1,0,0,143732,0,0,0
106,143732,2587bfc877886c53,1,0,1,0,0,143732,0,0,0
107,143732,e16acc9e054646c3,1,0,1,0,0,143732,0,0,0
108,143732,59cfd4ac39d060cf,1,0,1,0,0,143732,0,0,0
109,143732,dd237f2d13ea09f0,1,0,1,0,0,143732,0,0,0
110,143732,e7a4ca8c50e73676,1,0,1,0,0,143732,0,0,0
111,143732,2e9a39d941c69cac,1,0,1,0,0,143732,0,0,0
112,143732,dab77a7acb1ec96e,1,0,1,0,0,143732,0,0,0
113,143732,65daa359b89a8f7e,1,0,1,0,0,143732,0,0,0
114,143732,f98188d94763545b,1,0,1,0,0,143732,0,0,0
115,143732,cd144e7ce8421272,1,0,1,0,0,143732,0,0,0
116,143732,d879fce6cd3a13c3,1,0,1,0,0,143732,0,0,0
117,143732,506c388def3761c5,1,0,1,0,0,143732,0,0,0
118,143732,b7ceaca387d6b2e9,1,0,1,0,0,143732,0,0,0
119,143732,86cd6b80ad158442,1,0,1,0,0,143732,0,0,0
120,143730,197aa5aa93800dc7,1,2,1,0,0,143730,0,0,0
121,143728,6305a76d57b10c01,1,4,1,0,0,143728,0,0,0
122,143727,0cace91693a3166e,1,5,1,0,0,143727,0,0,0
123,143725,e4292656ad2645eb,1,7,1,0,0,143725,0,0,0
124,143725,6ef85ed1cf63d9e6,1,7,1,0,0,143725,0,0,0
125,143721,6e0407ebc14fee0c,1,11,1,0,0,143721,0,0,0
126,143721,0401d0fba7fc13e4,1,11,1,0,0,143721,0,0,0
127,143718,fe7f315de6e10cad,1,14,1,0,0,143718,0,0,0
128,143715,da76afbc7464eaff,1,17,1,0,0,143715,0,0,0
129,143711,2f625f5fe0d08747,1,21,1,0,0,143711,0,0,0
130,143708,a8c07997398e8771,1,24,1,0,0,143708,0,0,0
131,143705,15150d7a2d3b7175,1,27,1,0,0,143705,0,0,0
132,143704,9204baf72785a6ed,1,28,1,0,0,143704,0,0,0
133,143704,c840b84f9d3452e1,1,28,1,0,0,143704,0,0,0
134,143701,643ba6efb0835fee,1,31,1,0,0,143701,0,0,0
135,143700,f495d5785366edc9,1,32,1,0,0,143700,0,0,0
136,143698,ff39dfc3a182bca0,1,34,1,0,0,143698,0,0,0
137,143696,e294708363b76956,1,36,1,0,0,143696,0,0,0
138,143695,0cfb1586bc3876a3,1,37,1,0,0,143695,0,0,0
139,143694,dad99e8043e8c7b2,1,38,1,0,0,143694,0,0,0
140,143691,3046bfee67b9a990,1,41,1,0,0,143691,0,0,0
141,143690,b509b8e40bd44710,1,42,1,0,0,143690,0,0,0
142,143689,cb3afb09d4276623,1,43,1,0,0,143689,0,0,0
143,143689,30b008eb80fdbae1,1,43,1,0,0,143689,0,0,0
144,143688,f6109ce4217723da,1,44,1,0,0,143688,0,0,0
145,143685,83937e4cc6091eee,1,47,1,0,0,143685,0,0,0
146,143685,e6e371296c354a07,1,47,1,0,0,143685,0,0,0
147,143684,0c88d7c31a03d064,1,48,1,0,0,143684,0,0,0
148,143682,1482a33c8b3fe2bb,1,50,1,0,0,143682,0,0,0
149,143680,eaf3cd2ef78fba31,1,52,1,0,0,143680,0,0,0
150,143675,30ed5e1b8ac4e80b,1,57,1,0,0,143675,0,0,0
151,143672,73bfe3f2372206b4,1,60,1,0,0,143672,0,0,0
152,143670,bda4b22e8d791b66,1,62,1,0,0,143670,0,0,0
153,143669,2f9fcc74d69e5662,1,63,1,0,0,143669,0,0,0
154,143666,12285b4cfbb4a2bd,1,66,1,0,0,143666,0,0,0
155,143663,b26c22cba00708b5,1,69,1,0,0,143663,0,0,0
156,143662,88fbc2743de75596,1,70,1,0,0,143662,0,0,0
157,143659,5b40f2ad53f1a3de,1,73,1,0,0,143659,0,0,0
158,143656,19d0cfa8e9202370,1,76,1,0,0,143656,0,0,0
159,143655,a751e0451248e348,1,77,1,0,0,143655,0,0,0
160,143654,d02a6011b6160f9c,1,78,1,0,0,143654,0,0,0
161,143651,20c16fa37e234084,1,78,1,0,0,143651,0,0,0
162,143648,9b431922382bab36,1,81,1,0,0,143648,0,0,0
163,143645,21ce6419b39b799b,1,84,1,0,0,143645,0,0,0
164,143643,cf5678271486f999,1,86,1,0,0,143643,0,0,0
165,143642,56399412e4f3d0cb,1,87,1,0,0,143642,0,0,0
166,143642,6bd74746a5e126cc,1,87,1,0,0,143642,0,0,0
167,143640,5e41d3f4300e5c65,1,89,1,0,0,143640,0,0,0
168,143640,2e01869a18a2c48c,1,89,1,0,0,143640,0,0,0
169,143636,866aa116d0283886,1,0,1,0,0,143636,0,0,0
170,143636,9d7c0567121c4cae,1,0,1,0,0,143636,0,0,0
171,143636,5ea14bae0b5eaf0e,1,0,1,0,0,143636,0,0,0
172,143636,d0265ffbc58e98cf,1,0,1,0,0,143636,0,0,0
173,143636,420810e19d7eb8ea,1,0,1,0,0,143636,0,0,0
174,143636,a0609cdda05ad92f,1,0,1,0,0,143636,0,0,0
175,143636,1f41ebcc59ed7501,1,0,1,0,0,143636,0,0,0
176,143636,d6ba2f69c073b00d,1,0,1,0,0,143636,0,0,0
177,143636,e01f8b4bb4799460,1,0,1,0,0,143636,0,0,0
178,143636,0fa8a1636b86d870,1,0,1,0,0,143636,0,0,0
179,143636,e03e7e305b31aa07,1,0,1,0,0,143636,0,0,0
180,143636,020ada3486c6093e,1,0,1,0,0,143636,0,0,0
181,143636,e5c290c1c52c174c,1,0,1,0,0,143636,0,0,0
182,143636,c285286db6957f56,1,0,1,0,0,143636,0,0,0
183,143636,e10d26c7c16e289a,1,0,1,0,0,143636,0,0,0
184,143636,60b33d49323ec8e0,1,0,1,0,0,143636,0,0,0
185,143636,9a639c90cae81df1,1,0,1,0,0,143636,0,0,0
186,143636,8374dea38361eda0,1,0,1,0,0,143636,0,0,0
187,143636,6d4a48a1006c2806,1,0,1,0,0,143636,0,0,0
188,143636,7280390ad990a62d,1,0,1,0,0,143636,0,0,0
189,143636,4881984c462f0370,1,0,1,0,0,143636,0,0,0
190,143636,7202cbfd096e569f,1,0,1,0,0,143636,0,0,0
191,143636,50dd14fdab0fd449,1,0,1,0,0,143636,0,0,0
192,143636,96658571439a3c47,1,0,1,0,0,143636,0,0,0
193,143636,aa538bc6476c12cb,1,0,1,0,0,143636,0,0,0
194,143636,659cbc14d1a28c22,1,0,1,0,0,143636,0,0,0
195,143636,9729d4ee8abd0e55,1,0,1,0,0,143636,0,0,0
196,143636,2e88d18138f7e3a6,1,0,1,0,0,143636,0,0,0
197,143636,da1f09e7ed71e930,1,0,1,0,0,143636,0,0,0
198,143636,f1054d91b7351c35,1,0,1,0,0,143636,0,0,0
199,143636,36a22dfc63db9195,1,0,1,0,0,143636,0,0,0
200,143636,da97f75e5e455212,1,0,1,0,0,143636,0,0,0
201,143636,fa80c3555971a98c,1,0,1,0,0,143636,0,0,0
202,143636,1a884b1e3b448fca,1,0,1,0,0,143636,0,0,0
203,143636,4d88a57b720605b2,1,0,1,0,0,143636,0,0,0
204,143636,d034eca5416935fe,1,0,1,0,0,143636,0,0,0
205,143636,0d6e3f4bdf947637,1,0,1,0,0,143636,0,0,0
206,143636,5b23969190db461d,1,0,1,0,0,143636,0,0,0
207,143636,718f856a475773d8,1,0,1,0,0,143636,0,0,0
208,143636,171bfb0510dd7378,1,0,1,0,0,143636,0,0,0
209,143636,2aee48d7ecbc900a,1,0,1,0,0,143636,0,0,0
210,143636,cebb63d774eca304,1,0,1,0,0,143636,0,0,0
211,143636,9b2a0e8e64ee6d80,1,0,1,0,0,143636,0,0,0
212,143636,2ff2dbf6f32da775,1,0,1,0,0,143636,0,0,0
213,143636,db8603d8a01be48b,1,0,1,0,0,143636,0,0,0
214,143636,9b5643e61a96f5bf,1,0,1,0,0,143636,0,0,0
215,143636,737aa69f27894385,1,0,1,0,0,143636,0,0,0
216,143636,21d18aaa3b707263,1,0,1,0,0,143636,0,0,0
217,143636,244a0efc50131ad4,1,0,1,0,0,143636,0,0,0
218,143636,f45ecc06741383ac,1,0,1,0,0,143636,0,0,0
219,143636,1091292566e24ee5,1,0,1,0,0,143636,0,0,0
220,143636,29dddd232cae0489,1,0,1,0,0,143636,0,0,0
221,143636,1f25aa77034c7397,1,0,1,0,0,143636,0,0,0
222,143636,ec66d39d7ea6c631,1,0,1,0,0,143636,0,0,0
223,143636,14bb4b2f7877c19a,1,0,1,0,0,143636,0,0,0
224,143636,e6c9f0be3773fce7,1,0,1,0,0,143636,0,0,0
225,143636,d2db5e24100431fe,1,0,1,0,0,143636,0,0,0
226,143636,65fa5c175c530ade,1,0,1,0,0,143636,0,0,0
227,143636,570c92d4fa7f480c,1,0,1,0,0,143636,0,0,0
228,143636,22daec67520d15c6,1,0,1,0,0,143636,0,0,0
229,143636,32886f10a9802894,1,0,1,0,0,143636,0,0,0
230,143636,d4aac7a6544fbd89,1,0,1,0,0,143636,0,0,0
231,143636,241b2411da42d3a3,1,0,1,0,0,143636,0,0,0
232,143636,0fc9bfeb6d628a0b,1,0,1,0,0,143636,0,0,0
233,143636,97d7ad0d43074631,1,0,1,0,0,143636,0,0,0
234,143636,5e6de8a401f46872,1,0,1,0,0,143636,0,0,0
235,143636,88d632dcb3db7641,1,0,1,0,0,143636,0,0,0
236,143636,0a6cd91af20f99b2,1,0,1,0,0,143636,0,0,0
237,143636,4b686360ed589f0d,1,0,1,0,0,143636,0,0,0
238,143636,39703b46048d53b2,1,0,1,0,0,143636,0,0,0
239,143636,3e0b5cf6ae61e82e,1,0,1,0,0,143636,0,0,0
240,143636,186db827a7697c24,1,0,1,0,0,143636,0,0,0
241,143636,6f898d23e45f6493,1,0,1,0,0,143636,0,0,0
242,143636,a660dc5b1e149f82,1,0,1,0,0,143636,0,0,0
243,143636,e975f665470cf138,1,0,1,0,0,143636,0,0,0
244,143636,50b3d4fbcc50f03f,1,0,1,0,0,143636,0,0,0
245,143636,6f9777647465f296,1,0,1,0,0,143636,0,0,0
246,143636,bf9f2e37f05aff72,1,0,1,0,0,143636,0,0,0
247,143636,41ba94f9d6f3bfd3,1,0,1,0,0,143636,0,0,0
248,143636,ae745693684eeecf,1,0,1,0,0,143636,0,0,1
249,143636,8b7c56c2ca22ed22,1,0,1,0,0,143636,0,0,0
250,143636,7e4323dd655146ef,1,0,1,0,0,143636,0,0,1
251,143636,cc2aa6d303bf08ff,1,0,1,0,0,143636,0,0,3
252,143636,e644c8469e8fb55e,1,0,1,0,0,143636,0,0,9
253,143636,d0a6ff9bdab24c3b,1,0,1,0,0,143636,0,0,14
254,143636,e621184332e142c8,1,0,1,0,0,143636,0,0,14
255,143636,1f7edef8d2386278,1,0,1,0,0,143636,0,0,10
256,143636,78e5735a4f311fe6,1,0,1,0,0,143636,0,0,12
257,143636,34592bc04dcd2a56,1,0,1,0,0,143636,0,0,11
258,143636,304324466c8b318e,1,0,1,0,0,143636,0,0,12
259,143636,8223e20063a54114,1,0,1,0,0,143636,0,0,12
260,143636,fdebb49fb10acade,1,0,1,0,0,143636,0,0,17
261,143636,438ba7d53e5cced4,1,0,1,0,0,143636,0,0,13
262,143636,530b0e7b453ece5d,1,0,1,0,0,143636,0,0,16
263,143636,17397da540984d31,1,0,1,0,0,143636,0,0,16
264,143636,8df9dcd0bcc44c8f,1,0,1,0,0,143636,0,0,12
265,143636,822485d447403737,1,0,1,0,0,143636,0,0,7
266,143636,da907c78c27716d5,1,0,1,0,0,143636,0,0,11
267,143636,fdf5d2198796cb28,1,0,1,0,0,143636,0,0,11
268,143636,5930de1281734d5c,1,0,1,0,0,143636,0,0,9
269,143636,d4eef1d71a5995fd,1,0,1,0,0,143636,0,0,11
270,143636,675894f1abd541d0,1,0,1,0,0,143636,0,0,5
271,143636,7b35f8f70fb07b4f,1,0,1,0,0,143636,0,0,9
272,143636,708f974f99730911,1,0,1,0,0,143636,0,0,9
273,143636,a4b79e3acaf8fa5e,1,0,1,0,0,143636,0,0,8
274,143636,6ae93b472d17fafa,1,0,1,0,0,143636,0,0,13
275,143636,e7aaaca6abd61ea8,1,0,1,0,0,143636,0,0,12
276,143636,652a9d73ac5870ea,1,0,1,0,0,143636,0,0,15
277,143636,c0c65beba9bd7a7c,1,0,1,0,0,143636,0,0,9
278,143636,6db1b122d361ccb9,1,0,1,0,0,143636,0,0,9
279,143636,4c60afad567e0ecc,1,0,1,0,0,143636,0,0,7
280,143636,538fe4cac861d6c1,1,0,1,0,0,143636,0,0,8
281,143636,b3f1625b1bf3ae9c,1,0,1,0,0,143636,0,0,13
282,143636,0e9d43d3c862c5c7,1,0,1,0,0,143636,0,0,14
283,143636,b0cbaf302adfe106,1,0,1,0,0,143636,0,0,2
284,143636,11a9860ef7339daf,1,0,1,0,0,143636,0,0,5
285,143636,248e2fe8db4655ee,1,0,1,0,0,143636,0,0,7
286,143636,85893d16b2e300fb,1,0,1,0,0,143636,0,0,9
287,143636,797d047f356c2d37,1,0,1,0,0,143636,0,0,13
288,143636,45f056805ace6eb2,1,0,1,0,0,143636,0,0,5
289,143636,247c598c97fbe0c6,1,0,1,0,0,143636,0,0,8
290,143636,4f37c436da93afb8,1,0,1,0,0,143636,0,0,8
291,143636,33ed96508c048f1f,1,0,1,0,0,143636,0,0,8
292,143636,1937aedd5ef6d868,1,0,1,0,0,143636,0,0,10
293,143636,58184d0f03c7981a,1,0,1,0,0,143636,0,0,5
294,143636,d7214e4373d085fe,1,0,1,0,0,143636,0,0,8
295,143636,6e713d14fe5c78a6,1,0,1,0,0,143636,0,0,6
296,143636,b1a2ccea52d97cce,1,0,1,0,0,143636,0,0,14
297,143636,dafbf755f2a010ae,1,0,1,0,0,143636,0,0,11
298,143636,ffbac5a93142cfe0,1,0,1,0,0,143636,0,0,9
299,143636,61d40a0e2a0ff3e5,1,0,1,0,0,143636,0,0,8
300,143636,fc72af49e35cd27e,1,0,1,0,0,143636,0,0,7
301,143636,304688e1e5094221,1,0,1,0,0,143636,0,0,16
302,143636,f059170694c6fe1b,1,0,1,0,0,143636,0,0,7
303,143636,44624ce4ae05ee9f,1,0,1,0,0,143636,0,0,7
304,143636,2e41265d997d204a,1,0,1,0,0,143636,0,0,4
305,143636,695317193fe866cd,1,0,1,0,0,143636,0,0,12
306,143636,e864147941e626d4,1,0,1,0,0,143636,0,0,14
307,143636,8e075185fe45e1e6,1,0,1,0,0,143636,0,0,10
308,143636,3eb03b2561a2af37,1,0,1,0,0,143636,0,0,13
309,143636,507e19be81563ba1,1,0,1,0,0,143636,0,0,19
310,143636,a8df0cba466c1b4f,1,0,1,0,0,143636,0,0,8
311,143636,541b6d54665f1137,1,0,1,0,0,143636,0,0,11
312,143636,23be8d582a4802cb,1,0,1,0,0,143636,0,0,9
313,143636,5264290270ef4a9a,1,0,1,0,0,143636,0,0,11
314,143636,7c9fa9cecde6b53b,1,0,1,0,0,143636,0,0,9
315,143636,6b3d5ae3cf1e0d61,1,0,1,0,0,143636,0,0,9
316,143636,db4ffaebeb4a4517,1,0,1,0,0,143636,0,0,15
317,143636,60db8554560f4f5f,1,0,1,0,0,143636,0,0,8
318,143636,1d6ef3c1cc77d48f,1,0,1,0,0,143636,0,0,12
319,143636,eec59769052606fc,1,0,1,0,0,143636,0,0,5
320,143636,dbfff1fee24bb9e8,1,0,1,0,0,143636,0,0,12
321,143636,5c5547d4e609ecfa,1,0,1,0,0,143636,0,0,10
322,143636,7500d04edc6b1bc8,1,0,1,0,0,143636,0,0,9
323,143636,07bfbe8112bc8b10,1,0,1,0,0,143636,0,0,6
324,143636,e287c4f2b960bad4,1,0,1,0,0,143636,0,0,16
325,143636,fbf7dc4b7e0eff38,1,0,1,0,0,143636,0,0,7
326,143636,9c948be2467d1865,1,0,1,0,0,143636,0,0,8
327,143636,e26b159c6db2e199,1,0,1,0,0,143636,0,0,10
328,143636,81c75d92ef121fd3,1,0,1,0,0,143636,0,0,9
329,143636,36b343b6f09cb915,1,0,1,0,0,143636,0,0,15
330,143636,68508f4914017369,1,0,1,0,0,143636,0,0,14
331,143636,9a310cd0baa7e705,1,0,1,0,0,143636,0,0,13
332,143636,255993ea6d344352,1,0,1,0,0,143636,0,0,10
333,143636,9217810af97eaadd,1,0,1,0,0,143636,0,0,7
334,143636,10379d72e2375c9b,1,0,1,0,0,143636,0,0,6
335,143636,b594e154215529a7,1,0,1,0,0,143636,0,0,1
336,143636,7ce3e6941e3cbeb9,1,0,1,0,0,143636,0,0,3
337,143636,e8974dfa3000833f,1,0,1,0,0,143636,0,0,5
338,143636,d59831cf55453b8c,1,0,1,0,0,143636,0,0,10
339,143636,c32e9224a9b040ea,1,0,1,0,0,143636,0,0,10
340,143636,e52e5c2b0d8aabe7,1,0,1,0,0,143636,0,0,4
341,143636,2c555cca037ffb6c,1,0,1,0,0,143636,0,0,4
342,143636,5309cb59f19cb4ec,1,0,1,0,0,143636,0,0,3
343,143636,4da6133a82288e89,1,0,1,0,0,143636,0,0,7
344,143636,ea8b90274effed98,1,0,1,0,0,143636,0,0,2
345,143636,5ae1aa03d6727f68,1,0,1,0,0,143636,0,0,5
346,143636,a100f2909b5f834e,1,0,1,0,0,143636,0,0,5
347,143636,79d2e883c84d5ea1,1,0,1,0,0,143636,0,0,3
348,143636,68e6c1ab981a1b40,1,0,1,0,0,143636,0,0,3
349,143636,03bbe0fe71563542,1,0,1,0,0,143636,0,0,1
350,143636,a8f2a00e3dc00340,1,0,1,0,0,143636,0,0,7
351,143636,c1732ce043e0c0dc,1,0,1,0,0,143636,0,0,6
352,143636,2d26bcad34c5751e,1,0,1,0,0,143636,0,0,4
353,143636,816ad1d8a155191a,1,0,1,0,0,143636,0,0,4
354,143636,0c536f2980bcc070,1,0,1,0,0,143636,0,0,1
355,143636,84c2d114ea9750de,1,0,1,0,0,143636,0,0,1
356,143636,b562a2faa81ce42e,1,0,1,0,0,143636,0,0,8
357,143636,045e8422e819791f,1,0,1,0,0,143636,0,0,6
358,143636,acf83270417174f0,1,0,1,0,0,143636,0,0,3
359,143636,06af9e41cee533d5,1,0,1,0,0,143636,0,0,2
360,143636,a021bf9b38af86e5,1,0,1,0,0,143636,0,0,5
361,143636,73f5403888fdbe7e,1,0,1,0,0,143636,0,0,9
362,143636,af33821ad7d3a135,1,0,1,0,0,143636,0,0,11
363,143636,8b4eb234afa7b212,1,0,1,0,0,143636,0,0,6
364,143636,1b03e9039e1725eb,1,0,1,0,0,143636,0,0,0
365,143636,8be6624af1faa6c5,1,0,1,0,0,143636,0,0,0
366,143636,36dd9095a982a80f,1,0,1,0,0,143636,0,0,6
367,143636,1f40f697fd6a50f3,1,0,1,0,0,143636,0,0,3
368,143636,a59f142daffabf68,1,0,1,0,0,143636,0,0,3
369,143636,f1e4d5933ce5b76b,1,0,1,0,0,143636,0,0,4
370,143636,5fb84a2063170bb0,1,0,1,0,0,143636,0,0,3
371,143636,1cd8db0cebeaf50c,1,0,1,0,0,143636,0,0,1
372,143636,ce9601975bd03826,1,0,1,0,0,143636,0,0,5
373,143636,c4fb82164e481989,1,0,1,0,0,143636,0,0,2
374,143636,6354162605bec493,1,0,1,0,0,143636,0,0,1
375,143636,83df45e25b8161ae,1,0,1,0,0,143636,0,0,5
376,143636,895b22a98dd1cd5c,1,0,1,0,0,143636,0,0,3
377,143636,3f2c2894950b163d,1,0,1,0,0,143636,0,0,5
378,143636,7b92e0528a86dbdb,1,0,1,0,0,143636,0,0,1
379,143636,92eb39bac02d1249,1,0,1,0,0,143636,0,0,3
380,143636,ce4bd8a357b5e088,1,0,1,0,0,143636,0,0,9
381,143636,32d2b0c931be477b,1,0,1,0,0,143636,0,0,4
382,143636,10b3a132598f2231,1,0,1,0,0,143636,0,0,2
383,143636,3e90477486cc26ef,1,0,1,0,0,143636,0,0,3
384,143636,845bf231bc82be05,1,0,1,0,0,143636,0,0,4
385,143636,7d38327a00e62bc1,1,0,1,0,0,143636,0,0,8
386,143636,23c179c89ddf2c55,1,0,1,0,0,143636,0,0,5
387,143636,39d4541992bacc29,1,0,1,0,0,143636,0,0,2
388,143636,30eb5df60990f311,1,0,1,0,0,143636,0,0,1
389,143636,b62875f15a9f92b4,1,0,1,0,0,143636,0,0,2
390,143636,3aa8bb0021600e65,1,0,1,0,0,143636,0,0,5
391,143636,927aea981ecf8d51,1,0,1,0,0,143636,0,0,5
392,143636,707646cc49e8344d,1,0,1,0,0,143636,0,0,5
393,143636,9d96061ea6d8bc75,1,0,1,0,0,143636,0,0,6
394,143636,aba8b50b7b9972e8,1,0,1,0,0,143636,0,0,4
395,143636,787b8b5c223cd660,1,0,1,0,0,143636,0,0,7
396,143636,6d8faed4532d18a4,1,0,1,0,0,143636,0,0,2
397,143636,c5cd5d9a3de63326,1,0,1,0,0,143636,0,0,1
398,143636,a320c8aedf307505,1,0,1,0,0,143636,0,0,2
399,143636,e24a4182eb9877be,1,0,1,0,0,143636,0,0,3
400,143636,5761c1d412637b9c,1,0,1,0,0,143636,0,0,1
401,143636,fc60d5230203af9a,1,0,1,0,0,143636,0,0,2
402,143636,69d69dedf5e92a4d,1,0,1,0,0,143636,0,0,2
403,143636,b7a517e564dcc4b0,1,0,1,0,0,143636,0,0,5
404,143636,235e462f5e964dd9,1,0,1,0,0,143636,0,0,4
405,143636,158c7b672a110f24,1,0,1,0,0,143636,0,0,2
406,143636,425ac7f7a67e4dd2,1,0,1,0,0,143636,0,0,5
407,143636,0d189dfd7ef87283,1,0,1,0,0,143636,0,0,3
408,143636,356fa1ef24d0feb4,1,0,1,0,0,143636,0,0,3
409,143636,56d837a0e50811e2,1,0,1,0,0,143636,0,0,6
410,143636,03768e2541bdf6f2,1,0,1,0,0,143636,0,0,4
411,143636,5167892553f5cede,1,0,1,0,0,143636,0,0,3
412,143636,9cc78e7e86233a81,1,0,1,0,0,143636,0,0,5
413,143636,c0f7aa63a9a012f9,1,0,1,0,0,143636,0,0,7
414,143636,86a1a64a4166e3bb,1,0,1,0,0,143636,0,0,4
415,143636,69e45c8dca0e1c32,1,0,1,0,0,143636,0,0,3
416,143636,aedf8154292fee34,1,0,1,0,0,143636,0,0,2
417,143636,a4e42cebd6b68db0,1,0,1,0,0,143636,0,0,5
418,143636,dfc413049bde9bdc,1,0,1,0,0,143636,0,0,5
419,143636,fb0af7cb233cd05b,1,0,1,0,0,143636,0,0,4
420,143636,75e58c3b70b75990,1,0,1,0,0,143636,0,0,4
421,143636,51926ece5337bb15,1,0,1,0,0,143636,0,0,5
422,143636,3cd648aa4da69e01,1,0,1,0,0,143636,0,0,4
423,143636,eb8848e23362bfaa,1,0,1,0,0,143636,0,0,10
424,143636,3c7107275b0ecaa6,1,0,1,0,0,143636,0,0,4
425,143636,111166f84607aedb,1,0,1,0,0,143636,0,0,2
426,143636,75babb99f8020b91,1,0,1,0,0,143636,0,0,3
427,143636,7943d01c6e04d705,1,0,1,0,0,143636,0,0,4
428,143636,94e78f04f8a6409f,1,0,1,0,0,143636,0,0,6
429,143636,51ff50d479fb65dd,1,0,1,0,0,143636,0,0,3
430,143636,f13b4774adc3a321,1,0,1,0,0,143636,0,0,8
431,143636,8776f6be4042eea2,1,0,1,0,0,143636,0,0,6
432,143636,d26c90ecb0971800,1,0,1,0,0,143636,0,0,3
433,143636,469cbfbad9ddaecf,1,0,1,0,0,143636,0,0,2
434,143636,1a8e5652c39e3965,1,0,1,0,0,143636,0,0,7
435,143636,a9234cf7c7e4095f,1,0,1,0,0,143636,0,0,4
436,143636,e7483b8c7e3bfb33,1,0,1,0,0,143636,0,0,2
437,143636,1151c54bbbf8cf4c,1,0,1,0,0,143636,0,0,3
438,143636,05f82b50b695f577,1,0,1,0,0,143636,0,0,4
439,143636,425dd89e03d9b384,1,0,1,0,0,143636,0,0,3
440,143636,6eab53e564448f43,1,0,1,0,0,143636,0,0,4
441,143636,a172b2591ddfef71,1,0,1,0,0,143636,0,0,4
442,143636,fb50a85bb0f6504c,1,0,1,0,0,143636,0,0,2
443,143636,ce6977fc84a12e75,1,0,1,0,0,143636,0,0,1
444,143636,281cca79cf755a51,1,0,1,0,0,143636,0,0,4
445,143636,e68aea85d12b96bc,1,0,1,0,0,143636,0,0,8
446,143636,f126f7954f9d4ea9,1,0,1,0,0,143636,0,0,3
447,143636,dc310e5bf8afa28c,1,0,1,0,0,143636,0,0,0
448,143636,e4f20f00d5b7d20d,1,0,1,0,0,143636,0,0,1
449,143636,bdb1f02a92d6ee74,1,0,1,0,0,143636,0,0,3
450,143636,98ed1d9fdaec8161,1,0,1,0,0,143636,0,0,2
451,143636,522275b8dc62f832,1,0,1,0,0,143636,0,0,0
452,143636,2ca78e8fbc7aa30f,1,0,1,0,0,143636,0,0,1
453,143636,a7bbfc5ef4bce467,1,0,1,0,0,143636,0,0,5
454,143636,da6b3e8238188d6a,1,0,1,0,0,143636,0,0,8
455,143636,818102e07585f86e,1,0,1,0,0,143636,0,0,4
456,143636,1ae0b7716cb057ed,1,0,1,0,0,143636,0,0,5
457,143636,432df22026d16503,1,0,1,0,0,143636,0,0,2
458,143636,522c1b6139c39426,1,0,1,0,0,143636,0,0,3
459,143636,3307b2d899a248f7,1,0,1,0,0,143636,0,0,1
460,143636,8e8fcd0e9cb8c495,1,0,1,0,0,143636,0,0,2
461,143636,a599c160f6d77472,1,0,1,0,0,143636,0,0,2
462,143636,a791f15536fb18c2,1,0,1,0,0,143636,0,0,5
463,143636,c761d9536bf5bc2c,1,0,1,0,0,143636,0,0,11
464,143636,487ea02a0945beb3,1,0,1,0,0,143636,0,0,5
465,143636,b32eca65f7498a80,1,0,1,0,0,143636,0,0,12
466,143636,d14155a9b96746d6,1,0,1,0,0,143636,0,0,7
467,143636,26e64595f613b919,1,0,1,0,0,143636,0,0,7
468,143636,16064883379d8489,1,0,1,0,0,143636,0,0,4
469,143636,4cfc2f52743883c6,1,0,1,0,0,143636,0,0,2
470,143636,1123093b954e4f09,1,0,1,0,0,143636,0,0,3
471,143636,d89b0e0388edd79e,1,0,1,0,0,143636,0,0,5
472,143636,52dbbba6495d161c,1,0,1,0,0,143636,0,0,1
473,143636,bd79ebb3fd178cf5,1,0,1,0,0,143636,0,0,2
474,143636,f745284edaf620bd,1,0,1,0,0,143636,0,0,3
475,143636,c66418d7aa113f2b,1,0,1,0,0,143636,0,0,1
476,143636,302d616da08e5d24,1,0,1,0,0,143636,0,0,6
477,143636,5e547fd0cdcaea26,1,0,1,0,0,143636,0,0,7
478,143636,a560ea1f2e608ab2,1,0,1,0,0,143636,0,0,6
479,143636,bb579ebc8e28a2cc,1,0,1,0,0,143636,0,0,2
480,143636,12961e48fec565c9,1,0,1,0,0,143636,0,0,2
481,143636,8d028a7dcc05eef0,1,0,1,0,0,143636,0,0,4
482,143636,2c6bad153522ad3f,1,0,1,0,0,143636,0,0,4
483,143636,d23b218de11dc076,1,0,1,0,0,143636,0,0,2
484,143636,8ed1cfabb2827f6c,1,0,1,0,0,143636,0,0,4
485,143636,13a229d674d25448,1,0,1,0,0,143636,0,0,3
486,143636,e655c5522b4b04ec,1,0,1,0,0,143636,0,0,3
487,143636,e6282eda25ec9709,1,0,1,0,0,143636,0,0,7
488,143636,aa8ced56c287ead1,1,0,1,0,0,143636,0,0,7
489,143636,c3a2679caa69c297,1,0,1,0,0,143636,0,0,4
490,143636,5131ec414f873514,1,0,1,0,0,143636,0,0,7
491,143636,5cf5110d3cc5c8fd,1,0,1,0,0,143636,0,0,4
492,143636,ae79d96357968a40,1,0,1,0,0,143636,0,0,4
493,143636,07d0af192ce1ebb2,1,0,1,0,0,143636,0,0,2
494,143636,a63cc3b6384e34b0,1,0,1,0,0,143636,0,0,1
495,143636,a1025e41bace3b2f,1,0,1,0,0,143636,0,0,6
496,143636,2ad3717f00b1cf0c,1,0,1,0,0,143636,0,0,7
497,143636,e206f8141ea57eb6,1,0,1,0,0,143636,0,0,9
498,143636,73f5421fc777fed1,1,0,1,0,0,143636,0,0,6
499,143636,1fe26358596ac728,1,0,1,0,0,143636,0,0,6
500,143636,386f2f351f35d8fe,1,0,1,0,0,143636,0,0,2
501,143636,5bfb68568a6911de,1,0,1,0,0,143636,0,0,3
502,143636,a987577ca4a905ba,1,0,1,0,0,143636,0,0,5
503,143636,52be64b5a433eca0,1,0,1,0,0,143636,0,0,2
504,143636,60a5659d2527c50c,1,0,1,0,0,143636,0,0,8
505,143636,511a406727330421,1,0,1,0,0,143636,0,0,2
506,143636,84811b1a1439a7d5,1,0,1,0,0,143636,0,0,3
507,143636,8a238f9daffdab1c,1,0,1,0,0,143636,0,0,2
508,143636,5f18d861c58bdd45,1,0,1,0,0,143636,0,0,9
509,143636,d38e69a6e5ad7915,1,0,1,0,0,143636,0,0,2
510,143636,fa59576ab5611f37,1,0,1,0,0,143636,0,0,9
511,143636,f30d347138efad12,1,0,1,0,0,143636,0,0,7
512,143636,ec230b3ebad3c41d,1,0,1,0,0,143636,0,0,6
513,143636,43d2c0fc043d1611,1,0,1,0,0,143636,0,0,11
514,143636,d5f630fc31698fca,1,0,1,0,0,143636,0,0,3
515,143636,8e9a5de3cae04b30,1,0,1,0,0,143636,0,0,5
516,143636,177a3c0153d58815,1,0,1,0,0,143636,0,0,1
517,143636,2c2fa99f4463598f,1,0,1,0,0,143636,0,0,10
518,143636,e917c12979d4f6ad,1,0,1,0,0,143636,0,0,8
519,143636,d6d0b2cffebcd25e,1,0,1,0,0,143636,0,0,3
520,143636,b4d364f9d9f6b70f,1,0,1,0,0,143636,0,0,4
521,143636,8f0ca54b7316f590,1,0,1,0,0,143636,0,0,4
522,143636,806366149d064ce7,1,0,1,0,0,143636,0,0,5
523,143636,d6c7d44ec2c7da8e,1,0,1,0,0,143636,0,0,4
524,143636,b06962ec85cbd9e9,1,0,1,0,0,143636,0,0,10
525,143636,ae5e4be047c6abf7,1,0,1,0,0,143636,0,0,1
526,143636,9c96586cb9a9beae,1,0,1,0,0,143636,0,0,10
527,143636,649c793f9cc91154,1,0,1,0,0,143636,0,0,12
528,143636,6c400979d2095072,1,0,1,0,0,143636,0,0,7
529,143636,5b93755ce9664bf4,1,0,1,0,0,143636,0,0,4
530,143636,9fbf810bd1b22a93,1,0,1,0,0,143636,0,0,4
531,143636,2191729fba732597,1,0,1,0,0,143636,0,0,6
532,143636,bef0df7d7b6a8152,1,0,1,0,0,143636,0,0,2
533,143636,182d2a8948cc1ee4,1,0,1,0,0,143636,0,0,6
534,143636,1cd239fa0c098337,1,0,1,0,0,143636,0,0,4
535,143636,bf2e894fba7244b2,1,0,1,0,0,143636,0,0,4
536,143636,a1fb0e9eace90ab1,1,0,1,0,0,143636,0,0,14
537,143636,7f7f476f547206ed,1,0,1,0,0,143636,0,0,5
538,143636,8da4fd1418e20d37,1,0,1,0,0,143636,0,0,2
539,143636,31cc1ddb225b25a5,1,0,1,0,0,143636,0,0,6
540,143636,aed3613d9cfd4c5a,1,0,1,0,0,143636,0,0,5
541,143636,9965a421d4e14744,1,0,1,0,0,143636,0,0,7
542,143636,8cc206d75b2a124b,1,0,1,0,0,143636,0,0,9
543,143636,52052cfa19778d47,1,0,1,0,0,143636,0,0,9
544,143636,5e3c9f928f25f663,1,0,1,0,0,143636,0,0,11
545,143636,27bf540815275fb6,1,0,1,0,0,143636,0,0,4
546,143636,86bc5b3cb07a87de,1,0,1,0,0,143636,0,0,7
547,143636,c10e372df94fd51f,1,0,1,0,0,143636,0,0,5
548,143636,187fbc04420e01e5,1,0,1,0,0,143636,0,0,4
549,143636,3e9de7f98ad39f0a,1,0,1,0,0,143636,0,0,7
550,143636,f950ef51a598dc94,1,0,1,0,0,143636,0,0,9
551,143636,351c631d4ce83c7c,1,0,1,0,0,143636,0,0,11
552,143636,3a58c691bf073b75,1,0,1,0,0,143636,0,0,5
553,143636,7679f9db49416d06,1,0,1,0,0,143636,0,0,5
554,143636,77395963f68d3ee0,1,0,1,0,0,143636,0,0,8
555,143636,3f95152c14c99789,1,0,1,0,0,143636,0,0,7
556,143636,91b195aeecf5ce1b,1,0,1,0,0,143636,0,0,6
557,143636,3b355612f9996bf1,1,0,1,0,0,143636,0,0,6
558,143636,959d4b5933281478,1,0,1,0,0,143636,0,0,5
559,143636,fffe49d5493e9bea,1,0,1,0,0,143636,0,0,5
560,143636,54f58e8b8a9d1386,1,0,1,0,0,143636,0,0,3
561,143636,d3087b012a617969,1,0,1,0,0,143636,0,0,8
562,143636,1c49f70386d2b3a6,1,0,1,0,0,143636,0,0,6
563,143636,e1e9ebeae5f1eb18,1,0,1,0,0,143636,0,0,7
564,143636,9ff82f61e16f18d2,1,0,1,0,0,143636,0,0,5
565,143636,e5919b1587cf0cc8,1,0,1,0,0,143636,0,0,3
566,143636,8178e6fad28e6fdc,1,0,1,0,0,143636,0,0,9
567,143636,9931c9ff8a91acff,1,0,1,0,0,143636,0,0,4
568,143636,ae4047ea037ff098,1,0,1,0,0,143636,0,0,2
569,143636,b94e6b94da1a601d,1,0,1,0,0,143636,0,0,4
570,143636,19905a5e5fe0271b,1,0,1,0,0,143636,0,0,2
571,143636,c7668b7c9504b638,1,0,1,0,0,143636,0,0,4
572,143636,8f85d7dd4c9a1f11,1,0,1,0,0,143636,0,0,5
573,143636,9fbc87398045bce0,1,0,1,0,0,143636,0,0,4
574,143636,8154d4c7c2f11e80,1,0,1,0,0,143636,0,0,4
575,143636,ce3201a1ad156a53,1,0,1,0,0,143636,0,0,2
576,143636,302464d059ac99b0,1,0,1,0,0,143636,0,0,4
577,143636,ca8d62a098157c7b,1,0,1,0,0,143636,0,0,2
578,143636,fad06cec7c032e4b,1,0,1,0,0,143636,0,0,3
579,143636,6543506efe9b889e,1,0,1,0,0,143636,0,0,1
580,143636,13f46d5885f40548,1,0,1,0,0,143636,0,0,2
581,143636,f592f3e2f8720896,1,0,1,0,0,143636,0,0,2
582,143636,76759d5c0176e416,1,0,1,0,0,143636,0,0,2
583,143636,65622a83ff3b5cf1,1,0,1,0,0,143636,0,0,2
584,143636,7fd7bc61479bc0cf,1,0,1,0,0,143636,0,0,2
585,143636,8ca1434b2f0efd06,1,0,1,0,0,143636,0,0,3
586,143636,d5759df60e2691fd,1,0,1,0,0,143636,0,0,3
587,143636,4e580153236722dd,1,0,1,0,0,143636,0,0,3
588,143636,4ddf202f90477e1f,1,0,1,0,0,143636,0,0,1
589,143636,b21db691ee5e3382,1,0,1,0,0,143636,0,0,3
590,143636,bb212449769a57f1,1,0,1,0,0,143636,0,0,1
591,143636,a84b7eed3d675731,1,0,1,0,0,143636,0,0,3
592,143636,c41cc94c42771bf2,1,0,1,0,0,143636,0,0,1
593,143636,1fe05732273e70bf,1,0,1,0,0,143636,0,0,1
594,143636,850125cfd21914a5,1,0,1,0,0,143636,0,0,1
595,143636,f0251be850236c9f,1,0,1,0,0,143636,0,0,2
596,143636,96941b103916c264,1,0,1,0,0,143636,0,0,2
597,143636,d85fa23d22fd6eb5,1,0,1,0,0,143636,0,0,1
598,143636,edc76e46fd2070dc,1,0,1,0,0,143636,0,0,2
599,143636,6b3ed3a09987cdaf,1,0,1,0,0,143636,0,0,1
600,143636,9c2608e87904db46,1,0,1,0,0,143636,0,0,3
601,143636,01a6b906ddf126b9,1,0,1,0,0,143636,0,0,2
602,143636,d9470600983b48f9,1,0,1,0,0,143636,0,0,3
603,143636,ce36ca596fa152f7,1,0,1,0,0,143636,0,0,2
604,143636,0814932f8ea4e331,1,0,1,0,0,143636,0,0,2
605,143636,fa826c12dae5d530,1,0,1,0,0,143636,0,0,2
606,143636,9d6ec230ccf88084,1,0,1,0,0,143636,0,0,0
607,143636,5cb1ab7e8af774e2,1,0,1,0,0,143636,0,0,2
608,143636,8a0cfe9c7c160f38,1,0,1,0,0,143636,0,0,2
609,143636,d4a26aa90c4190e9,1,0,1,0,0,143636,0,0,1
610,143636,c845e92e5911d96e,1,0,1,0,0,143636,0,0,2
611,143636,b6968d162f136999,1,0,1,0,0,143636,0,0,2
612,143636,866106e21bb8d4bd,1,0,1,0,0,143636,0,0,2
613,143636,d8a9f7759d7256fa,1,0,1,0,0,143636,0,0,1
614,143636,b927769cc79d85bf,1,0,1,0,0,143636,0,0,1
615,143636,4413e3b6bc961aa0,1,0,1,0,0,143636,0,0,2
616,143636,1984601106f918fd,1,0,1,0,0,143636,0,0,1
617,143636,1ba3bfc3381dc550,1,0,1,0,0,143636,0,0,0
618,143636,22d09208b3e0560b,1,0,1,0,0,143636,0,0,1
619,143636,998cbc086a5da4fc,1,0,1,0,0,143636,0,0,1
620,143636,45c19fd9f41c8f1f,1,0,1,0,0,143636,0,0,2
621,143636,607c2fe86b75aa15,1,0,1,0,0,143636,0,0,1
622,143636,84c3478858048e38,1,0,1,0,0,143636,0,0,0
623,143636,14e84189bbb28c0f,1,0,1,0,0,143636,0,0,2
624,143636,a7baa1d57bc755ea,1,0,1,0,0,143636,0,0,2
625,143636,ed27364b98d195a0,1,0,1,0,0,143636,0,0,2
626,143636,32e555b99b9eeff5,1,0,1,0,0,143636,0,0,0
627,143636,16fe04d9ed66d5f1,1,0,1,0,0,143636,0,0,1
628,143636,ddc966af2d92e8d0,1,0,1,0,0,143636,0,0,2
629,143636,ba671abbab09a54a,1,0,1,0,0,143636,0,0,2
630,143636,8ef4526f2fabc7aa,1,0,1,0,0,143636,0,0,2
631,143636,ead69008de1a0780,1,0,1,0,0,143636,0,0,2
632,143636,97cc1621fe1485be,1,0,1,0,0,143636,0,0,1
633,143636,4190568856038c67,1,0,1,0,0,143636,0,0,1
634,143636,566161d3127eb5ed,1,0,1,0,0,143636,0,0,1
635,143636,a47d886bd7b32509,1,0,1,0,0,143636,0,0,1
636,143636,9260738343c075a9,1,0,1,0,0,143636,0,0,1
637,143636,2cc60012109cc1d1,1,0,1,0,0,143636,0,0,1
638,143636,82a8ff38c9500483,1,0,1,0,0,143636,0,0,1
639,143636,9043af61c3c629cf,1,0,1,0,0,143636,0,0,1
640,143636,18e289df20f488f8,1,0,1,0,0,143636,0,0,1
641,143636,4dd24c61dcc6f96d,1,0,1,0,0,143636,0,0,0
642,143636,5fa11a176c6f008f,1,0,1,0,0,143636,0,0,0
643,143636,f70fbfe9309855db,1,0,1,0,0,143636,0,0,1
644,143636,490fabeb54e98690,1,0,1,0,0,143636,0,0,1
645,143636,507489392d6c4358,1,0,1,0,0,143636,0,0,1
646,143636,ccb074e3cd352684,1,0,1,0,0,143636,0,0,0
647,143636,b42f941fb43fd9f1,1,0,1,0,0,143636,0,0,0
648,143636,bfcfc6db4f586c90,1,0,1,0,0,143636,0,0,0
649,143636,f8a292751f8b53a0,1,0,1,0,0,143636,0,0,1
650,143636,2d22ec239aef05cc,1,0,1,0,0,143636,0,0,0
651,143636,fbcf6c12c14eb8c1,1,0,1,0,0,143636,0,0,1
652,143636,4faacadd89263ef9,1,0,1,0,0,143636,0,0,1
653,143636,aad0d393214aba53,1,0,1,0,0,143636,0,0,1
654,143636,cff91ada955c041e,1,0,1,0,0,143636,0,0,0
655,143636,673f76f98cdf6a67,1,0,1,0,0,143636,0,0,1
656,143636,4a52e9b74e93dc42,1,0,1,0,0,143636,0,0,1
657,143636,9e09a33447667f85,1,0,1,0,0,143636,0,0,1
658,143636,7ccf7f07a5d3648f,1,0,1,0,0,143636,0,0,1
659,143636,937fd382a5158244,1,0,1,0,0,143636,0,0,1
660,143636,b35e1b35151e981f,1,0,1,0,0,143636,0,0,0
661,143636,666c895d8ebe8664,1,0,1,0,0,143636,0,0,1
662,143636,187363e677e4b805,1,0,1,0,0,143636,0,0,0
663,143636,7d853aa14c9e1420,1,0,1,0,0,143636,0,0,0
664,143636,3ee9d83637a99f99,1,0,1,0,0,143636,0,0,1
665,143636,a456be24cdd9b193,1,0,1,0,0,143636,0,0,1
666,143636,5f442767cd69583a,1,0,1,0,0,143636,0,0,1
667,143636,a91a9888eb160c00,1,0,1,0,0,143636,0,0,1
668,143636,7c5511aa2369ac87,1,0,1,0,0,143636,0,0,1
669,143636,854dbc2620d557f5,1,0,1,0,0,143636,0,0,1
670,143636,03009672c9f1776e,1,0,1,0,0,143636,0,0,0
671,143636,28eeb3d26e55cc3f,1,0,1,0,0,143636,0,0,1
672,143636,744f1c5d21ede623,1,0,1,0,0,143636,0,0,0
673,143636,1e926f4f4b3ace41,1,0,1,0,0,143636,0,0,1
674,143636,72d0eb4734462420,1,0,1,0,0,143636,0,0,0
675,143636,3f1422eea7672bee,1,0,1,0,0,143636,0,0,1
676,143636,d02fc40a19ad0824,1,0,1,0,0,143636,0,0,1
677,143636,3afab39d7b707e1c,1,0,1,0,0,143636,0,0,0
678,143636,14e2677ab7576782,1,0,1,0,0,143636,0,0,0
679,143636,96eaa7a12697690a,1,0,1,0,0,143636,0,0,0
680,143636,375dc67ae0f2f241,1,0,1,0,0,143636,0,0,0
681,143636,f702fba8765fa545,1,0,1,0,0,143636,0,0,1
682,143636,604079751193a44b,1,0,1,0,0,143636,0,0,1
683,143636,0a0ddc31898df68b,1,0,1,0,0,143636,0,0,1
684,143636,d37ac454a1d81f84,1,0,1,0,0,143636,0,0,0
685,143636,53f6e8d063304680,1,0,1,0,0,143636,0,0,1
686,143636,4a622add3d7eddee,1,0,1,0,0,143636,0,0,1
687,143636,9cdb6c0351b09e78,1,0,1,0,0,143636,0,0,1
688,143636,6e39d8d8d3344c21,1,0,1,0,0,143636,0,0,0
689,143636,b29f12ca5c18305e,1,0,1,0,0,143636,0,0,1
690,143636,60f8420fc3fe4abb,1,0,1,0,0,143636,0,0,0
691,143636,18d04ff3559e1291,1,0,1,0,0,143636,0,0,1
692,143636,abd1eb8091c440bc,1,0,1,0,0,143636,0,0,1
693,143636,df5172bf125a62ea,1,0,1,0,0,143636,0,0,1
694,143636,99deffd8294a062b,1,0,1,0,0,143636,0,0,1
695,143636,9288590f775685d6,1,0,1,0,0,143636,0,0,1
696,143636,6a8db9e5fe1fcef6,1,0,1,0,0,143636,0,0,0
697,143636,fcda5f4eb74289af,1,0,1,0,0,143636,0,0,1
698,143636,649212af436e7d81,1,0,1,0,0,143636,0,0,0
699,143636,182eb61dfbc76e33,1,0,1,0,0,143636,0,0,0
700,143636,d1f6b0f114a536f5,1,0,1,0,0,143636,0,0,1
701,143636,330b36a2b517b692,1,0,1,0,0,143636,0,0,1
702,143636,3f57b82eb200d937,1,0,1,0,0,143636,0,0,1
703,143636,1f07c82ece13f01b,1,0,1,0,0,143636,0,0,1
704,143636,b45d6adb0c443922,1,0,1,0,0,143636,0,0,1
705,143636,dddc4c1eb6936b31,1,0,1,0,0,143636,0,0,0
706,143636,e9130f230c2e2618,1,0,1,0,0,143636,0,0,1
707,143636,3492c7f15faba9d5,1,0,1,0,0,143636,0,0,1
708,143636,5c83d869262bfe19,1,0,1,0,0,143636,0,0,1
709,143636,4e0cab6170657097,1,0,1,0,0,143636,0,0,1
710,143636,e0922766b72dd7c5,1,0,1,0,0,143636,0,0,1
711,143636,0ff92a8bc4fa0780,1,0,1,0,0,143636,0,0,1
712,143636,673d71ae36cc6e43,1,0,1,0,0,143636,0,0,1
713,143636,db141dc2201a6fbe,1,0,1,0,0,143636,0,0,1
714,143636,d3362bba21f624c6,1,0,1,0,0,143636,0,0,1
715,143636,212810c91ed20ff1,1,0,1,0,0,143636,0,0,1
716,143636,0def00dce468fb67,1,0,1,0,0,143636,0,0,1
717,143636,9e0ba0e006db23e6,1,0,1,0,0,143636,0,0,1
718,143636,3b1d885d33465254,1,0,1,0,0,143636,0,0,0
719,143636,1ee3025b8e34e3e5,1,0,1,0,0,143636,0,0,0
720,143636,a1b3bd4f8d7d0311,1,0,1,0,0,143636,0,0,1
721,143636,4f38dc267e498513,1,0,1,0,0,143636,0,0,0
722,143636,774745944055fe1b,1,0,1,0,0,143636,0,0,1
723,143636,2987c91384cf6126,1,0,1,0,0,143636,0,0,0
724,143636,6c89f9dfeebeb209,1,0,1,0,0,143636,0,0,0
725,143636,85c067f390b9e3f0,1,0,1,0,0,143636,0,0,1
726,143636,64051f0bd90ace3c,1,0,1,0,0,143636,0,0,0
727,143636,0ea2377f3c9e22ba,1,0,1,0,0,143636,0,0,1
728,143636,0133cb7736404109,1,0,1,0,0,143636,0,0,1
729,143636,9e38c33149fcde4c,1,0,1,0,0,143636,0,0,1
730,143636,44f4d131ea299520,1,0,1,0,0,143636,0,0,0
731,143636,a6dad54bef237ac7,1,0,1,0,0,143636,0,0,1
732,143636,f3c681f6240725e3,1,0,1,0,0,143636,0,0,0
733,143636,c05375d649039e94,1,0,1,0,0,143636,0,0,0
734,143636,d833d03ad45885c2,1,0,1,0,0,143636,0,0,0
735,143636,d55608f924bdfcdd,1,0,1,0,0,143636,0,0,0
736,143636,b05ddb78e18626f9,1,0,1,0,0,143636,0,0,0
737,143636,240563a422630013,1,0,1,0,0,143636,0,0,0
738,143636,c3bd59a6eed8ebbb,1,0,1,0,0,143636,0,0,0
739,143636,bddbbc2b321f8f0c,1,0,1,0,0,143636,0,0,0
740,143636,3aa50304427762d1,1,0,1,0,0,143636,0,0,0
741,143636,cf91e248c0cfb536,1,0,1,0,0,143636,0,0,0
742,143636,5e2c66c3f1ee262d,1,0,1,0,0,143636,0,0,0
743,143636,e8fee0f829f5f092,1,0,1,0,0,143636,0,0,0
744,143636,efdb833c471d8664,1,0,1,0,0,143636,0,0,0
745,143636,f02c5691348f828c,1,0,1,0,0,143636,0,0,0
746,143636,a358ab541acb4636,1,0,1,0,0,143636,0,0,0
747,143636,af58ac89884ef72f,1,0,1,0,0,143636,0,0,0
748,143636,a74cfc27e99b832e,1,0,1,0,0,143636,0,0,0
749,143636,c4fca61ec004903b,1,0,1,0,0,143636,0,0,0
750,143636,b7a46b9df20fa366,1,0,1,0,0,143636,0,0,0
751,143636,e06b8dd66d34493a,1,0,1,0,0,143636,0,0,0
752,143636,f232562eff3a8aee,1,0,1,0,0,143636,0,0,0
753,143636,c70da04ae41d0e76,1,0,1,0,0,143636,0,0,0
754,143636,a75e3fa5f777ac2f,1,0,1,0,0,143636,0,0,0
755,143636,c31b7237d93f04ca,1,0,1,0,0,143636,0,0,0
756,143636,a7dd2d99b3b0195a,1,0,1,0,0,143636,0,0,0
757,143636,75ea3f19b2b0e11c,1,0,1,0,0,143636,0,0,0
758,143636,f4aa5ea32cfae0a4,1,0,1,0,0,143636,0,0,0
759,143636,ef8bcb9ab1f75131,1,0,1,0,0,143636,0,0,0
760,143636,edd85a7ca870e507,1,0,1,0,0,143636,0,0,0
761,143636,c58389570f88a295,1,0,1,0,0,143636,0,0,0
762,143636,57511de3d0c3be01,1,0,1,0,0,143636,0,0,0
763,143636,75dd488460d4add4,1,0,1,0,0,143636,0,0,0
764,143636,eba4402ead49f08d,1,0,1,0,0,143636,0,0,0
765,143636,53aa532b0b181a27,1,0,1,0,0,143636,0,0,0
766,143636,adcf0581adbf50c4,1,0,1,0,0,143636,0,0,0
767,143636,1dbc9e11264d46e2,1,0,1,0,0,143636,0,0,0
768,143636,e17798d5a191d8dc,1,0,1,0,0,143636,0,0,0
769,143636,5947268196cc10bf,1,0,1,0,0,143636,0,0,0
770,143636,10807b9a856ea688,1,0,1,0,0,143636,0,0,0
771,143636,c177d4609240dd84,1,0,1,0,0,143636,0,0,0
772,143636,380a43ed3ee7d5ad,1,0,1,0,0,143636,0,0,0
773,143636,a85d5be2a54c6ce3,1,0,1,0,0,143636,0,0,0
774,143636,f7b59274774cb939,1,0,1,0,0,143636,0,0,0
775,143636,c7249e09cf876801,1,0,1,0,0,143636,0,0,0
776,143636,174e1cd7c8888006,1,0,1,0,0,143636,0,0,0
777,143636,00b98dcf30c5c6b4,1,0,1,0,0,143636,0,0,0
778,143636,f9003c50819d7343,1,0,1,0,0,143636,0,0,0
779,143636,dcb7c6795cc24432,1,0,1,0,0,143636,0,0,0
780,143636,7d9807ac044645d9,1,0,1,0,0,143636,0,0,0
781,143636,7520104e804c27cf,1,0,1,0,0,143636,0,0,0
782,143636,870c2a427a929b4c,1,0,1,0,0,143636,0,0,0
783,143636,64c2439cffae7bb3,1,0,1,0,0,143636,0,0,0
784,143636,5413b8cdbbecb54e,1,0,1,0,0,143636,0,0,0
785,143636,0363c625b084996a,1,0,1,0,0,143636,0,0,0
786,143636,ee0cbed6e474629e,1,0,1,0,0,143636,0,0,0
787,143636,508e143ce909c5d7,1,0,1,0,0,143636,0,0,0
788,143636,d7a70cc5a5034fbc,1,0,1,0,0,143636,0,0,0
789,143636,7c8178b0a749437c,1,0,1,0,0,143636,0,0,0
790,143636,ec5036bd4ec805a0,1,0,1,0,0,143636,0,0,0
791,143636,91d1e8b01734adeb,1,0,1,0,0,143636,0,0,0
792,143636,c3ebfb2ea2ad0e8c,1,0,1,0,0,143636,0,0,0
793,143636,2b4d3ed1f6c8703d,1,0,1,0,0,143636,0,0,0
794,143636,9d88bd6384a0f00d,1,0,1,0,0,143636,0,0,0
795,143636,af74d0c591934ada,1,0,1,0,0,143636,0,0,0
796,143636,76ab232de5a3e234,1,0,1,0,0,143636,0,0,0
797,143636,91219ebc9450be43,1,0,1,0,0,143636,0,0,0
798,143636,add17276c36a2331,1,0,1,0,0,143636,0,0,0
799,143636,48bc56322e40db69,1,0,1,0,0,143636,0,0,0
800,143636,42fd989c7dc5da18,1,0,1,0,0,143636,0,0,0
801,143636,93d67c8249095b13,1,0,1,0,0,143636,0,0,0
802,143636,636c83c5a79f61f3,1,0,1,0,0,143636,0,0,0
803,143636,6e7f7bc54009d731,1,0,1,0,0,143636,0,0,0
804,143636,f55a3a1b7e6445fe,1,0,1,0,0,143636,0,0,0
805,143636,ac5ec48b7681c4bb,1,0,1,0,0,143636,0,0,0
806,143636,4a9c46af4d428696,1,0,1,0,0,143636,0,0,0
807,143636,1775451569f792a3,1,0,1,0,0,143636,0,0,0
808,143636,7ae4e06e7e27776c,1,0,1,0,0,143636,0,0,0
809,143636,579392899425e032,1,0,1,0,0,143636,0,0,0
810,143636,071c38cea4b461be,1,0,1,0,0,143636,0,0,0
811,143636,b32e3f1ac6f15e51,1,0,1,0,0,143636,0,0,0
812,143636,4c682a8ab06d96a2,1,0,1,0,0,143636,0,0,0
813,143636,7ef312330e23d3c3,1,0,1,0,0,143636,0,0,0
814,143636,a45b69c008e6a758,1,0,1,0,0,143636,0,0,0
815,143636,275f78728f060f3c,1,0,1,0,0,143636,0,0,0
816,143636,de494b7a0b589c0d,1,0,1,0,0,143636,0,0,0
817,143636,976b8418b3d52880,1,0,1,0,0,143636,0,0,0
818,143636,3fd5c2bd95dd3ee2,1,0,1,0,0,143636,0,0,0
819,143636,f294fd56973a734b,1,0,1,0,0,143636,0,0,0
820,143636,402ef04a8150e712,1,0,1,0,0,143636,0,0,0
821,143636,741633c42ad425fe,1,0,1,0,0,143636,0,0,0
822,143636,d2c610d5b80648c6,1,0,1,0,0,143636,0,0,0
823,143636,446a33ee38c8d4f8,1,0,1,0,0,143636,0,0,0
824,143636,defcb8aed4424c03,1,0,1,0,0,143636,0,0,0
825,143636,130cc552f9acc8ee,1,0,1,0,0,143636,0,0,0
826,143636,dbe05a8f2f3b218e,1,0,1,0,0,143636,0,0,0
827,143636,02f88ff49805d080,1,0,1,0,0,143636,0,0,0
828,143636,d2b9a0fcfa6d14b7,1,0,1,0,0,143636,0,0,0
829,143636,c5197a09c656dafb,1,0,1,0,0,143636,0,0,0
830,143636,b2f3f26f3459ce12,1,0,1,0,0,143636,0,0,0
831,143636,4a18fabdd3a35b56,1,0,1,0,0,143636,0,0,0
832,143636,4b7f4c5699e3a49d,1,0,1,0,0,143636,0,0,0
833,143636,30d4ad656dd04982,1,0,1,0,0,143636,0,0,0
834,143636,f4ded29ed4a410c8,1,0,1,0,0,143636,0,0,0
835,143636,9284f75c8ea62650,1,0,1,0,0,143636,0,0,0
836,143636,81033469f2a1e8dd,1,0,1,0,0,143636,0,0,0
837,143636,dca6de831215bd5a,1,0,1,0,0,143636,0,0,0
838,143636,13830bcd9fed34d6,1,0,1,0,0,143636,0,0,0
839,143636,8d24ea74a7b47b45,1,0,1,0,0,143636,0,0,0
840,143636,517f9e58037c9d92,1,0,1,0,0,143636,0,0,0
841,143636,e170498209b16ea5,1,0,1,0,0,143636,0,0,0
842,143636,a0d830150d7b9d81,1,0,1,0,0,143636,0,0,0
843,143636,f5909c59e02f3e5b,1,0,1,0,0,143636,0,0,0
844,143636,cfbb1a1ed618a8a1,1,0,1,0,0,143636,0,0,0
845,143636,2edc36b543f2d93d,1,0,1,0,0,143636,0,0,0
846,143636,0ad52670ee15495f,1,0,1,0,0,143636,0,0,0
847,143636,dd1f831862ee9bac,1,0,1,0,0,143636,0,0,0
848,143636,bf140ebea9c0469f,1,0,1,0,0,143636,0,0,0
849,143636,624c7ccb6ddab20f,1,0,1,0,0,143636,0,0,0
850,143636,91da1038d874ddf5,1,0,1,0,0,143636,0,0,0
851,143636,4b95f672ad93c0bb,1,0,1,0,0,143636,0,0,0
852,143636,920fc4310bbc2938,1,0,1,0,0,143636,0,0,0
853,143636,127140d766e4a4cc,1,0,1,0,0,143636,0,0,0
854,143636,f47c68b92added07,1,0,1,0,0,143636,0,0,0
855,143636,e3aa59f2c8496c83,1,0,1,0,0,143636,0,0,0
856,143636,d20a3b5207275a73,1,0,1,0,0,143636,0,0,0
857,143636,0fff496526ace07c,1,0,1,0,0,143636,0,0,0
858,143636,3d4b47fc610f3647,1,0,1,0,0,143636,0,0,0
859,143636,6b0a6a85e0de97f6,1,0,1,0,0,143636,0,0,0
860,143636,456406ae7c749398,1,0,1,0,0,143636,0,0,0
861,143636,89e336d1bf46054d,1,0,1,0,0,143636,0,0,0
862,143636,283fc4813c0e82db,1,0,1,0,0,143636,0,0,0
863,143636,9ff4b0bc7fd8ba7e,1,0,1,0,0,143636,0,0,0
864,143636,b2b8eda7c0991185,1,0,1,0,0,143636,0,0,0
865,143636,ebd480e23397fb37,1,0,1,0,0,143636,0,0,0
866,143636,8100ff4ef880b45d,1,0,1,0,0,143636,0,0,0
867,143636,a1fb8e5c4200d4a3,1,0,1,0,0,143636,0,0,0
868,143636,612bbf2a31b73774,1,0,1,0,0,143636,0,0,0
869,143636,539a681a19f3e365,1,0,1,0,0,143636,0,0,0
870,143636,dee9b10b9889e633,1,0,1,0,0,143636,0,0,0
871,143636,e25bf739c4314da9,1,0,1,0,0,143636,0,0,0
872,143636,abedb2b6a12e0761,1,0,1,0,0,143636,0,0,0
873,143636,9169ffcce0427feb,1,0,1,0,0,143636,0,0,0
874,143636,e956b4bb93595bbf,1,0,1,0,0,143636,0,0,0
875,143636,7837d7048947dea8,1,0,1,0,0,143636,0,0,0
876,143636,9e38ce4d70206b10,1,0,1,0,0,143636,0,0,0
877,143636,6e909f8f6d8d9010,1,0,1,0,0,143636,0,0,0
878,143636,476ad05d9e7a2512,1,0,1,0,0,143636,0,0,0
879,143636,f2697d9c7aaffa0c,1,0,1,0,0,143636,0,0,0
880,143636,b1eb8a69ada8f815,1,0,1,0,0,143636,0,0,0
881,143636,01c68e48247a23d5,1,0,1,0,0,143636,0,0,0
882,143636,ab2f434d335d6e78,1,0,1,0,0,143636,0,0,0
883,143636,9c88afed1d78cb1b,1,0,1,0,0,143636,0,0,0
884,143636,dddc1f2f15edb637,1,0,1,0,0,143636,0,0,0
885,143636,2fcc2bafb0607003,1,0,1,0,0,143636,0,0,0
886,143636,53565eae5653b72b,1,0,1,0,0,143636,0,0,0
887,143636,36f6f6220118526a,1,0,1,0,0,143636,0,0,0
888,143636,9da30f04a3184735,1,0,1,0,0,143636,0,0,0
889,143636,f954ddc21455fabe,1,0,1,0,0,143636,0,0,0
890,143636,0a346e33c4b8bbac,1,0,1,0,0,143636,0,0,0
891,143636,8d2585170441ea43,1,0,1,0,0,143636,0,0,0
892,143636,5d002ce5f236b98c,1,0,1,0,0,143636,0,0,0
893,143636,69ca135326d8bc9c,1,0,1,0,0,143636,0,0,0
894,143636,2b5fe5181804da21,1,0,1,0,0,143636,0,0,0
895,143636,2daf30afa77c8008,1,0,1,0,0,143636,0,0,0
896,143636,4db3fbacccc02ca8,1,0,1,0,0,143636,0,0,0
897,143636,875d2c9d9bf5be78,1,0,1,0,0,143636,0,0,0
898,143636,3a7c7b8d0cd2c0dc,1,0,1,0,0,143636,0,0,0
899,143636,8cb5ad6f1def7633,1,0,1,0,0,143636,0,0,0
900,143636,9f8613af529e6958,1,0,1,0,0,143636,0,0,0
