frame,moved,max_cheb,max_elem,gt1,gt2,gt4,gt8,gt16,gt32,gt64
1,143732,0.30,SAND,0,0,0,0,0,0,0
2,69232,0.60,STNE,0,0,0,0,0,0,0
3,1288,0.92,STNE,0,0,0,0,0,0,0
4,70424,1.27,STNE,596,0,0,0,0,0,0
5,2384,1.64,STNE,596,0,0,0,0,0,0
6,2980,1.97,STNE,1192,0,0,0,0,0,0
7,3576,2.36,STNE,1788,596,0,0,0,0,0
8,4172,2.72,STNE,2384,1192,0,0,0,0,0
9,4767,3.05,STNE,2980,1788,0,0,0,0,0
10,5362,3.42,STNE,2385,2384,0,0,0,0,0
11,5958,3.77,STNE,2898,2303,0,0,0,0,0
12,6552,4.14,STNE,3174,1978,743,0,0,0,0
13,6553,4.55,STNE,3495,1680,1191,0,0,0,0
14,7149,5.06,STNE,2977,2068,965,0,0,0,0
15,7450,4.84,STNE,3615,955,192,0,0,0,0
16,8326,5.35,STNE,3652,1339,23,0,0,0,0
17,9504,5.67,STNE,4287,1602,24,0,0,0,0
18,8985,4.82,STNE,2796,1907,89,0,0,0,0
19,9478,5.24,STNE,3505,1929,226,0,0,0,0
20,9814,5.29,STNE,3402,1406,410,0,0,0,0
21,10700,5.57,STNE,4006,1735,276,0,0,0,0
22,10621,5.90,STNE,2901,1238,125,0,0,0,0
23,11284,4.85,STNE,3880,1558,125,0,0,0,0
24,11877,5.40,STNE,3494,1619,103,0,0,0,0
25,12538,5.29,STNE,3319,1533,138,0,0,0,0
26,10918,5.32,STNE,2780,1345,118,0,0,0,0
27,11799,5.10,STNE,3090,1218,116,0,0,0,0
28,12638,4.82,STNE,3415,1103,138,0,0,0,0
29,13260,5.05,STNE,4060,1215,83,0,0,0,0
30,12506,5.11,STNE,4469,1048,47,0,0,0,0
31,13226,4.74,STNE,3604,933,22,0,0,0,0
32,14946,4.63,STNE,3633,1188,19,0,0,0,0
33,14189,4.63,STNE,4912,1074,17,0,0,0,0
34,14470,4.51,STNE,4302,917,21,0,0,0,0
35,15000,4.29,STNE,3189,890,9,0,0,0,0
36,15888,4.40,STNE,3843,873,7,0,0,0,0
37,15984,4.59,STNE,5014,826,15,0,0,0,0
38,15793,4.62,STNE,3954,810,18,0,0,0,0
39,16106,4.45,STNE,3549,813,6,0,0,0,0
40,16708,4.27,STNE,3871,764,4,0,0,0,0
41,17220,4.12,STNE,4389,708,1,0,0,0,0
42,16569,4.17,STNE,3259,665,1,0,0,0,0
43,17112,3.97,STNE,4081,618,0,0,0,0,0
44,17938,3.86,STNE,5036,586,0,0,0,0,0
45,16716,3.94,STNE,4350,589,0,0,0,0,0
46,17568,4.06,STNE,3533,558,1,0,0,0,0
47,18450,3.83,STNE,3788,543,0,0,0,0,0
48,18961,3.63,STNE,4682,489,0,0,0,0,0
49,19540,3.82,STNE,4267,478,0,0,0,0,0
50,18926,4.06,STNE,3528,466,1,0,0,0,0
51,18998,3.49,STNE,4208,531,0,0,0,0,0
52,21268,3.50,STNE,4145,458,0,0,0,0,0
53,20338,3.68,STNE,4253,414,0,0,0,0,0
54,18980,3.90,STNE,4221,431,0,0,0,0,0
55,20688,4.09,STNE,4932,453,1,0,0,0,0
56,21108,3.54,STNE,5075,416,0,0,0,0,0
57,19757,3.26,STNE,4252,473,0,0,0,0,0
58,20643,3.39,STNE,3793,418,0,0,0,0,0
59,22372,3.18,STNE,4694,426,0,0,0,0,0
60,22208,3.33,STNE,5167,348,0,0,0,0,0
61,21258,3.47,STNE,4742,379,0,0,0,0,0
62,22790,3.28,STNE,4153,453,0,0,0,0,0
63,23133,3.05,STNE,3990,373,0,0,0,0,0
64,23041,3.22,STNE,4445,337,0,0,0,0,0
65,23679,3.10,STNE,4228,338,0,0,0,0,0
66,22090,3.40,STNE,3719,312,0,0,0,0,0
67,23120,3.39,STNE,4192,349,0,0,0,0,0
68,23737,3.10,STNE,5132,269,0,0,0,0,0
69,23684,3.26,STNE,4463,294,0,0,0,0,0
70,23790,3.49,STNE,4189,259,0,0,0,0,0
71,23587,3.74,STNE,4277,249,0,0,0,0,0
72,23074,3.06,STNE,5143,291,0,0,0,0,0
73,23909,3.24,STNE,4496,281,0,0,0,0,0
74,24737,3.26,STNE,3920,278,0,0,0,0,0
75,24476,3.23,STNE,3948,290,0,0,0,0,0
76,25143,3.47,STNE,4292,284,0,0,0,0,0
77,25113,3.74,STNE,4399,291,0,0,0,0,0
78,25040,3.02,STNE,4009,258,0,0,0,0,0
79,25897,3.13,SAND,4569,250,0,0,0,0,0
80,24349,3.35,STNE,5122,261,0,0,0,0,0
81,24620,3.28,SAND,4647,309,0,0,0,0,0
82,25764,3.44,STNE,4161,274,0,0,0,0,0
83,24392,3.13,STNE,4439,257,0,0,0,0,0
84,25819,3.31,SAND,4483,277,0,0,0,0,0
85,27242,3.65,SAND,4676,268,0,0,0,0,0
86,24561,3.26,STNE,3955,275,0,0,0,0,0
87,26163,3.48,STNE,4911,252,0,0,0,0,0
88,25677,3.35,SAND,5185,296,0,0,0,0,0
89,24734,3.18,SAND,5154,315,0,0,0,0,0
90,25978,3.16,STNE,4015,284,0,0,0,0,0
91,24269,3.34,SAND,4637,268,0,0,0,0,0
92,25025,3.07,SAND,5092,251,0,0,0,0,0
93,25576,3.22,STNE,4516,269,0,0,0,0,0
94,24872,3.50,STNE,3871,280,0,0,0,0,0
95,24576,3.75,SAND,4561,268,0,0,0,0,0
96,24499,3.02,SAND,4825,258,0,0,0,0,0
97,24702,3.13,SAND,4663,370,0,0,0,0,0
98,24359,3.14,SAND,3854,269,0,0,0,0,0
99,25878,3.21,SAND,3843,223,0,0,0,0,0
100,26409,3.03,SAND,4544,264,0,0,0,0,0
101,25670,3.17,SAND,4533,281,0,0,0,0,0
102,25610,2.89,SAND,4343,257,0,0,0,0,0
103,25445,3.16,SAND,4516,269,0,0,0,0,0
104,26488,2.90,SAND,5113,254,0,0,0,0,0
105,25851,3.23,SAND,4975,258,0,0,0,0,0
106,26203,3.55,SAND,3919,259,0,0,0,0,0
107,26604,3.20,SAND,4735,252,0,0,0,0,0
108,27107,3.06,SAND,4685,259,0,0,0,0,0
109,25703,3.11,SAND,4821,263,0,0,0,0,0
110,27254,3.42,SAND,4114,294,0,0,0,0,0
111,27345,3.54,SAND,3995,278,0,0,0,0,0
112,27242,3.44,SAND,4631,262,0,0,0,0,0
113,27855,3.77,SAND,5004,255,0,0,0,0,0
114,26618,4.09,SAND,4360,220,1,0,0,0,0
115,27574,4.36,SAND,4521,243,1,0,0,0,0
116,28036,2.88,SAND,4857,235,0,0,0,0,0
117,27048,3.07,SAND,4667,235,0,0,0,0,0
118,26784,3.31,SAND,4343,248,0,0,0,0,0
119,27345,3.10,SAND,4288,210,0,0,0,0,0
120,27985,3.05,SAND,4894,248,0,0,0,0,0
121,27241,3.26,SAND,4755,268,0,0,0,0,0
122,26926,2.99,SAND,4486,242,0,0,0,0,0
123,26856,3.18,SAND,4181,278,0,0,0,0,0
124,27452,3.50,SAND,4509,218,0,0,0,0,0
125,27348,2.91,SAND,4943,243,0,0,0,0,0
126,26198,3.25,SAND,4220,202,0,0,0,0,0
127,27891,3.57,SAND,4414,176,0,0,0,0,0
128,28433,2.87,SAND,5008,237,0,0,0,0,0
129,28011,2.94,SAND,4185,171,0,0,0,0,0
130,27526,3.04,SAND,4736,253,0,0,0,0,0
131,26867,19.01,WATR,4552,285,1,1,1,0,0
132,28867,18.97,WATR,4200,310,3,2,1,0,0
133,27144,30.00,WATR,4523,426,59,34,22,0,0
134,27938,29.00,WATR,4096,404,76,45,25,0,0
135,28133,29.00,WATR,4345,337,63,28,19,0,0
136,28169,29.00,WATR,5026,666,231,82,32,0,0
137,29879,29.00,WATR,4527,401,124,62,18,0,0
138,29729,29.00,WATR,5290,1215,506,157,59,0,0
139,29062,29.00,WATR,5577,1257,645,372,220,0,0
140,29878,30.03,WATR,5641,1440,662,290,89,0,0
141,30266,29.12,WATR,6254,1967,1102,511,194,0,0
142,29714,30.00,WATR,5337,1277,627,336,134,0,0
143,30284,30.00,WATR,5711,1489,867,424,138,0,0
144,30679,30.00,WATR,5902,1810,1139,592,209,0,0
145,30594,30.00,WATR,6805,2571,1517,694,226,0,0
146,30652,30.00,WATR,5627,1743,1026,594,238,0,0
147,31420,30.00,WATR,6085,2150,1302,666,199,0,0
148,31637,30.00,WATR,6720,2574,1508,754,201,0,0
149,31678,30.01,WATR,6590,2523,1487,761,270,0,0
150,32139,30.02,WATR,6401,2360,1392,685,183,0,0
151,32471,30.00,WATR,6234,2330,1260,512,112,0,0
152,32339,30.00,WATR,6382,2448,1281,526,114,0,0
153,32651,30.01,WATR,6084,2314,1134,459,115,0,0
154,32670,29.00,WATR,5757,2144,1091,430,80,0,0
155,32537,30.00,WATR,6225,2412,1239,529,159,0,0
156,32825,30.01,WATR,5946,2360,1225,535,162,0,0
157,32269,30.01,WATR,7275,3606,1676,629,148,0,0
158,32832,30.00,WATR,6357,2786,1413,558,136,0,0
159,32933,30.99,WATR,6263,2760,1412,577,134,0,0
160,32935,30.00,WATR,5760,2436,1310,596,141,0,0
161,32719,30.01,WATR,7662,4127,2007,721,151,0,0
162,32992,30.20,WATR,6147,2930,1508,636,176,0,0
163,32999,30.00,WATR,6335,2990,1557,616,158,0,0
164,32882,30.01,WATR,6016,2945,1433,601,170,0,0
165,33143,30.00,WATR,7049,3651,1786,648,144,0,0
166,33116,30.00,WATR,6012,2852,1526,645,163,0,0
167,32872,30.00,WATR,6591,3304,1560,623,182,0,0
168,32827,30.01,WATR,6656,3466,1657,651,147,0,0
169,33098,30.01,WATR,6685,3595,1821,733,205,0,0
170,33116,30.02,WATR,6284,3250,1629,667,180,0,0
171,33162,30.02,WATR,6007,3092,1639,711,204,0,0
172,32894,30.04,WATR,6758,3801,1788,695,195,0,0
173,33000,30.01,WATR,6670,3735,1828,706,199,0,0
174,33120,30.00,WATR,5969,3240,1650,700,176,0,0
175,33137,30.06,WATR,5867,3207,1743,803,261,0,0
176,32727,30.02,WATR,6632,3858,1843,796,251,0,0
177,33024,30.07,WATR,6733,3951,2002,831,254,0,0
178,33133,30.02,WATR,6208,3519,1822,828,267,0,0
179,33164,30.03,WATR,6042,3436,1841,830,270,0,0
180,32804,30.03,WATR,6744,4165,2032,943,300,0,0
181,32966,30.06,WATR,6731,4214,2165,1069,398,0,0
182,32592,30.01,WATR,5881,3436,1865,985,422,0,0
183,31295,30.02,WATR,5693,3228,1471,731,319,0,0
184,30160,30.01,WATR,5283,2878,1142,521,224,0,0
185,29423,30.00,WATR,4935,2621,1028,354,151,0,0
186,28902,30.08,WATR,4710,2277,902,366,169,0,0
187,28119,30.01,WATR,4805,2439,851,305,141,0,0
188,27718,30.00,WATR,4695,2442,817,261,96,0,0
189,27712,30.02,WATR,4673,2360,867,300,110,0,0
190,27433,30.00,WATR,4428,2083,747,258,118,0,0
191,27089,29.94,WATR,4799,2412,812,260,108,0,0
192,27149,30.05,WATR,4533,2261,835,260,101,0,0
193,27206,30.03,WATR,4558,2249,849,261,105,0,0
194,27235,30.24,WATR,4481,2181,781,254,100,0,0
195,27232,30.00,WATR,4395,2160,819,287,138,0,0
196,26988,30.00,WATR,4534,2445,790,228,94,0,0
197,27106,30.00,WATR,4651,2449,878,250,99,0,0
198,27323,30.02,WATR,3846,1828,645,217,81,0,0
199,27337,30.04,WATR,3971,1836,685,204,81,0,0
200,27228,30.15,WATR,4245,2123,750,246,121,0,0
201,27192,30.10,WATR,4473,2309,765,226,106,0,0
202,27534,30.00,WATR,3954,1823,638,208,87,0,0
203,28080,30.00,WATR,4185,1944,690,224,96,0,0
204,28015,30.13,WATR,4475,2353,746,211,87,0,0
205,28072,30.00,WATR,4765,2690,989,287,103,0,0
206,28370,30.00,WATR,4055,2000,711,181,67,0,0
207,28183,30.15,WATR,4487,2173,683,209,85,0,0
208,28371,30.24,WATR,4141,2027,745,233,88,0,0
209,28194,30.00,WATR,4982,2200,685,190,82,0,0
210,28286,30.00,WATR,4889,2208,770,204,74,0,0
211,28198,30.00,WATR,4637,2231,731,196,82,0,0
212,28315,30.00,WATR,4349,2126,668,178,67,0,0
213,28277,30.00,WATR,4892,2544,1009,330,155,0,0
214,28340,30.00,WATR,4385,2003,682,215,78,0,0
215,28262,30.00,WATR,4356,2058,736,221,90,0,0
216,28067,30.00,WATR,4647,2266,776,220,97,0,0
217,28270,30.06,WATR,5216,2560,932,295,105,0,0
218,28276,30.01,WATR,4291,1866,699,206,70,0,0
219,28028,29.00,WATR,4818,2512,783,214,76,0,0
220,28190,30.00,WATR,4836,2463,906,284,112,0,0
221,28166,30.00,WATR,4225,2023,740,204,75,0,0
222,28225,30.01,WATR,4241,1900,668,168,58,0,0
223,28144,30.00,WATR,4329,2083,703,186,67,0,0
224,27887,30.01,WATR,5193,2933,996,274,89,0,0
225,28168,30.00,WATR,4611,2316,818,199,64,0,0
226,28238,29.61,WATR,4439,2128,796,236,84,0,0
227,28228,30.00,WATR,4295,2045,756,202,77,0,0
228,28009,29.87,WATR,4665,2504,823,246,83,0,0
229,28206,30.01,WATR,4797,2452,903,251,83,0,0
230,28362,30.00,WATR,4901,2077,815,220,74,0,0
231,28143,29.02,WATR,4434,2147,707,179,60,0,0
232,28387,29.99,WATR,4852,2247,789,169,60,0,0
233,28359,30.29,OIL,5519,2183,804,219,87,0,0
234,28363,30.04,WATR,4945,2184,815,193,74,0,0
235,28391,30.00,WATR,4306,2021,710,179,76,0,0
236,28435,30.00,WATR,3939,1972,687,189,60,0,0
237,28467,30.01,WATR,4424,1899,691,186,77,0,0
238,28160,30.00,WATR,4031,1891,650,182,91,0,0
239,28122,30.00,WATR,5259,3199,1076,238,75,0,0
240,28452,30.00,WATR,4471,2302,851,241,86,0,0
241,27852,30.00,WATR,4583,1938,671,170,68,0,0
242,26982,30.00,WATR,3952,1957,661,181,68,0,0
243,26523,30.01,WATR,5222,2932,1129,292,83,0,0
244,26301,30.00,WATR,4382,2375,846,191,65,0,0
245,25759,30.00,WATR,5124,2279,812,206,80,0,0
246,25377,30.05,WATR,4364,2192,817,224,85,0,0
247,24920,29.00,WATR,4298,2181,796,169,62,0,0
248,24544,30.19,WATR,4064,2114,798,229,69,0,0
249,24085,120.15,OIL,4363,2292,866,230,73,1,1
250,23506,179.00,OIL,4221,2112,845,283,112,5,2
251,22816,148.00,OIL,4173,2112,807,314,129,7,3
252,22167,132.99,OIL,4134,2075,906,376,162,9,3
253,21431,112.93,OIL,3999,2070,894,395,163,7,5
254,20697,101.01,OIL,3790,1992,902,423,224,15,3
255,19882,163.00,OIL,3564,1768,766,357,152,10,3
256,19180,81.00,OIL,3559,1851,828,378,166,12,2
257,18483,142.00,OIL,3460,1764,861,397,202,15,6
258,17763,91.00,OIL,3354,1691,798,390,176,11,1
259,17127,93.00,OIL,3358,1671,759,367,169,12,4
260,16525,85.00,OIL,3266,1693,835,419,187,9,5
261,15941,107.00,OIL,3256,1647,829,420,194,12,4
262,15263,189.00,OIL,3096,1545,770,389,182,16,5
263,14620,127.00,OIL,2942,1457,722,367,146,11,4
264,13992,67.00,OIL,2873,1458,733,366,158,3,1
265,13378,154.00,OIL,2739,1413,710,368,181,12,2
266,12743,120.00,OIL,2638,1363,708,359,150,10,3
267,12172,69.00,OIL,2517,1320,700,371,155,5,1
268,11551,105.00,OIL,2453,1290,664,331,151,9,3
269,10956,83.00,OIL,2257,1169,632,340,152,6,1
270,10293,87.00,OIL,2246,1174,621,321,134,8,1
271,9752,115.00,OIL,2091,1116,605,319,166,13,6
272,9158,105.00,OIL,2010,1097,623,338,154,8,2
273,8507,161.00,OIL,2000,1086,639,357,160,5,2
274,7905,77.00,OIL,1827,952,508,290,135,9,2
275,7321,123.00,OIL,1793,1007,612,346,159,15,8
276,6630,77.00,OIL,1612,906,575,342,153,17,2
277,6034,160.00,OIL,1498,874,551,328,150,7,3
278,5369,61.00,OIL,1393,799,507,312,124,5,0
279,4847,100.00,OIL,1330,810,538,337,150,8,1
280,4280,110.00,OIL,1304,808,574,362,167,6,1
281,3708,94.00,OIL,1113,700,495,301,120,8,1
282,3145,76.00,OIL,945,652,459,294,135,4,1
283,2725,134.00,OIL,887,660,464,308,159,13,8
284,2364,131.00,OIL,848,670,495,342,159,15,4
285,2034,81.00,OIL,816,655,523,353,159,9,2
286,1748,134.00,OIL,723,574,436,276,131,6,3
287,1494,159.00,OIL,659,521,393,277,134,7,2
288,1370,128.00,OIL,711,589,470,307,149,6,4
289,1294,119.00,OIL,722,628,500,353,183,8,5
290,1225,116.00,OIL,756,653,515,361,176,15,6
291,1147,55.00,OIL,751,659,523,378,183,8,0
292,1107,116.00,OIL,781,686,567,395,210,15,4
293,1004,124.00,OIL,688,594,455,327,156,8,3
294,1007,71.00,OIL,741,651,537,400,211,6,1
295,1029,81.00,OIL,754,653,536,403,193,10,3
296,1018,114.00,OIL,756,670,557,390,201,16,6
297,1042,105.00,OIL,804,725,610,409,200,14,4
298,1063,89.00,OIL,823,732,582,416,191,16,4
299,1040,97.00,OIL,824,729,589,421,212,13,6
300,1055,101.00,OIL,825,729,628,457,202,9,2
301,1022,98.00,OIL,806,711,595,428,208,10,4
302,998,76.00,OIL,783,689,580,396,189,13,2
303,1040,69.00,OIL,835,733,590,418,209,10,3
304,963,87.00,OIL,739,645,510,360,174,11,1
305,912,139.00,OIL,700,611,489,344,162,10,4
306,900,104.00,OIL,688,611,483,325,160,3,2
307,938,108.00,OIL,736,656,537,359,175,7,2
308,980,93.00,OIL,761,673,573,406,195,6,2
309,968,75.00,OIL,767,675,546,388,202,9,1
310,874,106.00,OIL,693,607,499,345,180,4,4
311,891,77.00,OIL,711,630,526,375,192,13,4
312,935,106.00,OIL,750,661,539,370,184,17,3
313,949,125.00,OIL,791,701,574,387,176,7,5
314,951,125.00,OIL,776,699,562,389,185,15,7
315,914,61.00,OIL,754,679,569,403,192,7,0
316,905,64.00,OIL,750,642,532,370,188,9,0
317,925,68.00,OIL,766,692,566,388,188,8,2
318,902,86.00,OIL,754,660,548,368,195,7,2
319,927,52.00,OIL,766,682,561,400,204,4,0
320,884,59.00,OIL,722,649,526,376,185,5,0
321,925,119.00,OIL,763,684,554,380,180,9,2
322,991,99.00,OIL,826,735,609,433,207,14,3
323,949,134.00,OIL,808,710,590,412,198,9,1
324,922,58.00,OIL,769,679,549,383,173,7,0
325,834,103.00,OIL,675,591,505,371,193,10,8
326,888,75.00,OIL,734,656,551,401,190,6,2
327,899,85.00,OIL,740,648,527,392,199,10,4
328,877,62.00,OIL,733,653,540,394,200,10,0
329,917,40.00,OIL,775,690,584,400,191,3,0
330,893,97.00,OIL,743,662,556,380,191,8,1
331,886,72.00,OIL,750,656,532,377,187,10,1
332,946,41.00,OIL,795,717,587,401,197,3,0
333,960,67.00,OIL,796,700,576,416,195,4,2
334,902,49.00,OIL,744,667,535,365,178,4,0
335,949,72.00,OIL,806,725,590,403,194,8,1
336,994,156.00,OIL,862,753,639,460,245,9,6
337,995,101.00,OIL,856,762,636,456,201,8,1
338,957,134.00,OIL,796,700,581,421,200,7,4
339,882,79.00,OIL,733,647,549,407,197,7,1
340,985,44.00,OIL,836,762,644,455,188,2,0
341,998,67.00,OIL,850,769,615,432,190,2,1
342,968,65.00,OIL,818,731,596,392,168,9,2
343,1005,65.00,OIL,836,741,613,438,211,8,1
344,1037,165.00,OIL,844,757,624,447,214,6,1
345,951,106.00,OIL,791,689,569,379,173,5,2
346,955,95.00,OIL,805,718,587,403,198,6,3
347,896,83.00,OIL,739,647,522,386,192,4,1
348,946,107.00,OIL,798,704,576,400,198,11,5
349,931,74.00,OIL,773,699,565,377,180,5,1
350,967,41.00,OIL,804,718,581,392,192,2,0
351,1012,97.00,OIL,858,778,635,437,183,8,3
352,910,57.00,OIL,742,677,538,360,170,5,0
353,958,84.00,OIL,807,732,609,406,188,4,1
354,997,128.00,OIL,846,762,613,435,191,5,1
355,970,111.00,OIL,810,726,591,385,172,4,2
356,938,65.00,OIL,793,702,570,392,185,8,1
357,892,115.00,OIL,747,665,525,347,160,2,1
358,803,109.00,OIL,666,564,453,302,117,2,1
359,818,86.00,OIL,667,567,455,300,156,2,1
360,856,153.00,OIL,700,621,501,341,158,3,1
361,850,117.00,OIL,702,620,498,339,163,5,3
362,888,118.00,OIL,760,681,560,369,167,6,3
363,903,132.00,OIL,760,676,565,403,181,9,4
364,892,87.00,OIL,751,667,544,380,161,7,2
365,896,182.00,OIL,768,684,562,370,168,9,5
366,876,94.00,OIL,742,676,547,366,175,4,2
367,843,81.00,OIL,715,642,508,338,169,2,1
368,824,165.00,OIL,712,634,501,313,119,2,2
369,865,71.00,OIL,730,652,492,337,154,5,2
370,926,118.00,OIL,784,690,549,366,148,6,2
371,861,147.00,OIL,725,620,481,315,131,3,3
372,894,138.00,OIL,754,664,538,350,146,3,2
373,874,145.00,OIL,747,644,527,346,166,5,1
374,833,150.00,OIL,683,601,468,306,147,2,2
375,831,280.00,OIL,692,613,477,287,139,6,1
376,805,40.00,OIL,674,578,442,269,128,6,0
377,801,73.00,OIL,661,563,433,269,118,3,1
378,782,86.00,OIL,618,521,406,263,114,2,1
379,810,89.00,OIL,671,585,466,280,118,4,2
380,782,98.00,OIL,665,584,428,263,101,2,1
381,786,149.00,OIL,630,535,412,263,122,5,4
382,815,165.00,OIL,670,577,463,311,141,3,1
383,790,211.00,OIL,626,538,434,265,125,6,4
384,764,100.00,OIL,643,549,424,252,111,4,1
385,722,52.00,OIL,583,497,370,214,96,4,0
386,738,101.00,OIL,601,510,367,226,104,6,1
387,722,54.00,OIL,587,508,379,243,102,2,0
388,685,53.00,OIL,558,478,345,198,77,4,0
389,696,114.00,OIL,552,477,350,213,103,5,2
390,685,68.00,OIL,564,474,348,217,88,2,1
391,732,72.00,OIL,608,521,397,247,105,5,3
392,799,70.00,OIL,650,559,425,269,120,7,1
393,762,101.00,OIL,621,534,410,274,134,6,3
394,682,132.00,OIL,541,448,343,201,87,3,2
395,732,104.00,OIL,599,508,382,235,112,4,2
396,785,78.00,OIL,625,529,398,275,131,6,3
397,768,104.00,OIL,585,509,379,256,120,6,2
398,739,90.00,OIL,584,496,368,237,112,5,3
399,799,95.00,OIL,664,577,429,280,113,6,2
400,768,111.00,OIL,596,501,383,250,91,5,2
401,778,139.00,OIL,603,517,376,241,97,8,3
402,774,39.00,OIL,609,502,391,259,113,1,0
403,774,30.00,OIL,626,523,395,255,108,0,0
404,796,96.00,OIL,647,555,424,264,136,9,1
405,795,90.00,OIL,620,522,391,237,102,2,2
406,767,70.00,OIL,601,502,390,237,103,2,1
407,747,68.00,OIL,575,497,370,222,95,2,1
408,713,165.00,OIL,526,441,321,188,82,5,2
409,750,120.00,OIL,582,491,374,235,115,5,2
410,762,173.00,OIL,590,476,376,248,121,7,3
411,727,118.00,OIL,561,465,355,215,89,5,1
412,707,140.00,OIL,535,439,329,199,92,2,1
413,714,134.00,OIL,561,459,334,186,74,3,3
414,704,74.00,OIL,539,456,340,199,73,3,2
415,744,98.00,OIL,590,487,361,204,89,2,1
416,720,65.00,OIL,561,463,347,221,88,1,1
417,721,182.00,OIL,556,454,329,202,83,1,1
418,710,141.00,OIL,573,460,319,193,92,4,3
419,731,59.00,OIL,562,453,339,215,105,3,0
420,771,144.00,OIL,609,492,373,245,113,5,3
421,771,70.00,OIL,605,500,396,263,111,6,1
422,731,82.00,OIL,561,464,352,219,102,5,3
423,767,49.00,OIL,618,520,394,245,126,3,0
424,742,112.00,OIL,576,498,378,245,112,5,1
425,712,142.00,OIL,572,479,361,239,126,11,5
426,796,144.00,OIL,665,550,425,292,145,9,4
427,772,90.00,OIL,613,527,412,292,155,8,4
428,775,108.00,OIL,633,538,424,304,148,4,4
429,738,63.00,OIL,575,484,369,256,123,8,0
430,825,176.00,OIL,669,582,461,311,145,5,1
431,789,48.00,OIL,643,546,432,295,150,6,0
432,783,64.00,OIL,636,536,433,277,109,2,0
433,785,63.00,OIL,624,528,399,255,117,5,0
434,812,63.00,OIL,639,548,431,271,118,6,0
435,809,172.00,OIL,650,563,438,286,145,6,2
436,832,185.00,OIL,670,571,447,300,154,6,5
437,851,133.00,OIL,669,558,440,307,160,13,6
438,866,53.00,OIL,709,611,466,334,163,5,0
439,810,50.00,OIL,651,547,430,288,152,5,0
440,867,111.00,OIL,687,601,492,349,178,4,1
441,800,34.00,OIL,635,559,429,281,120,1,0
442,770,100.00,OIL,618,527,407,282,123,10,7
443,773,42.00,OIL,603,531,405,279,129,6,0
444,799,88.00,OIL,641,531,416,259,106,5,1
445,770,41.00,OIL,601,507,368,238,114,2,0
446,767,62.00,OIL,608,509,398,263,129,8,0
447,797,156.00,OIL,645,570,446,296,139,7,3
448,831,152.00,OIL,662,564,453,305,148,10,1
449,776,31.00,OIL,624,528,392,240,97,0,0
450,776,113.00,OIL,629,523,393,255,110,4,2
451,804,95.00,OIL,639,542,406,249,114,7,2
452,771,75.00,OIL,618,509,373,233,105,4,2
453,770,69.00,OIL,627,519,366,237,105,3,2
454,837,109.00,OIL,644,538,413,294,123,4,3
455,782,80.00,OIL,612,517,390,260,102,2,2
456,758,171.00,OIL,589,486,379,253,117,5,2
457,781,174.00,OIL,635,510,389,244,109,3,2
458,774,75.00,OIL,606,506,389,255,122,4,1
459,823,84.00,OIL,672,567,444,322,150,5,1
460,801,109.00,OIL,639,561,422,304,129,3,2
461,765,120.00,OIL,616,511,397,259,104,2,1
462,766,108.00,OIL,616,524,399,277,143,7,2
463,777,64.00,OIL,647,566,451,299,129,4,0
464,747,78.00,OIL,603,523,392,267,114,1,1
465,742,33.00,OIL,565,483,387,262,115,1,0
466,778,184.00,OIL,633,532,411,266,127,3,3
467,737,110.00,OIL,600,519,384,256,131,1,1
468,678,42.00,OIL,518,435,335,213,115,1,0
469,669,169.00,OIL,519,439,318,196,86,2,2
470,692,110.00,OIL,526,447,328,214,94,5,5
471,670,115.00,OIL,514,420,336,230,120,8,3
472,738,80.00,OIL,594,514,407,302,158,8,2
473,740,146.00,OIL,581,494,391,277,137,4,2
474,658,110.00,OIL,508,430,320,217,104,4,2
475,727,125.00,OIL,583,499,375,268,128,6,3
476,723,86.00,OIL,579,508,403,290,133,5,1
477,716,42.00,OIL,584,492,388,264,130,1,0
478,780,80.00,OIL,638,538,436,307,142,4,2
479,768,79.00,OIL,614,515,406,287,132,4,1
480,744,132.00,OIL,605,519,395,286,128,7,3
481,803,201.00,OIL,641,557,468,322,155,6,2
482,724,123.00,OIL,567,493,398,269,136,4,2
483,742,88.00,OIL,585,495,391,280,133,6,1
484,788,87.00,OIL,620,549,441,311,139,4,1
485,757,133.00,OIL,607,530,413,288,133,2,1
486,802,69.00,OIL,635,541,429,298,164,2,2
487,759,196.00,OIL,594,512,392,273,138,4,3
488,694,200.00,OIL,533,442,346,239,108,5,2
489,639,42.00,OIL,489,390,302,210,98,1,0
490,689,117.00,OIL,529,455,338,239,119,10,5
491,701,140.00,OIL,542,474,363,248,120,6,3
492,695,105.00,OIL,550,470,378,277,137,12,4
493,731,70.00,OIL,579,483,380,285,145,2,2
494,670,115.00,OIL,503,430,342,250,142,2,1
495,704,113.00,OIL,556,485,377,262,137,7,2
496,736,81.00,OIL,576,504,404,271,138,4,1
497,777,93.00,OIL,617,543,430,307,162,10,1
498,763,58.00,OIL,615,537,439,318,155,4,0
499,797,97.00,OIL,633,559,452,307,160,8,2
500,768,97.00,OIL,624,541,431,309,149,5,1
501,741,80.00,OIL,591,526,403,274,152,4,1
502,722,88.00,OIL,583,523,418,284,143,6,1
503,722,46.00,OIL,566,496,402,274,144,2,0
504,758,127.00,OIL,605,538,439,307,157,3,1
505,798,104.00,OIL,641,554,439,298,171,3,1
506,780,64.00,OIL,624,551,434,308,156,4,0
507,781,96.00,OIL,632,533,421,307,141,4,2
508,714,73.00,OIL,551,472,376,265,140,2,1
509,750,47.00,OIL,570,477,383,266,124,2,0
510,764,46.00,OIL,594,520,410,294,140,3,0
511,752,30.00,WATR,600,523,427,305,138,0,0
512,735,55.00,OIL,576,493,402,263,130,10,0
513,762,67.00,OIL,604,510,408,265,132,4,1
514,747,88.00,OIL,600,510,409,261,128,2,1
515,762,52.00,OIL,614,532,433,292,146,6,0
516,807,59.00,OIL,657,567,448,332,168,5,0
517,864,134.00,OIL,698,608,491,361,187,11,6
518,813,52.00,OIL,640,565,463,330,161,5,0
519,755,40.00,OIL,602,519,415,301,156,1,0
520,727,134.00,OIL,570,471,378,283,141,6,3
521,698,125.00,OIL,562,490,381,281,145,4,1
522,713,100.00,OIL,551,470,360,260,138,5,4
523,816,90.00,OIL,652,567,456,354,171,4,2
524,727,109.00,OIL,572,478,388,278,145,4,1
525,720,48.00,OIL,565,486,389,270,134,2,0
526,739,167.00,OIL,608,531,439,328,166,4,3
527,759,78.00,OIL,625,543,444,321,167,4,3
528,733,57.00,OIL,586,520,420,297,151,3,0
529,826,112.00,OIL,669,588,485,359,205,13,7
530,871,80.00,OIL,726,655,542,392,210,6,2
531,886,62.00,OIL,737,655,534,370,175,4,0
532,910,126.00,OIL,761,677,569,408,184,6,3
533,858,56.00,OIL,723,658,524,362,175,2,0
534,872,163.00,OIL,734,656,565,404,220,10,5
535,782,105.00,OIL,641,570,466,321,152,7,3
536,769,73.00,OIL,611,553,453,317,140,5,2
537,742,107.00,OIL,620,543,450,340,172,7,1
538,721,95.00,OIL,611,540,437,306,144,5,2
539,750,120.00,OIL,632,566,461,348,173,6,2
540,684,157.00,OIL,570,504,413,301,147,5,1
541,719,131.00,OIL,591,532,441,333,149,8,2
542,636,42.00,OIL,529,458,376,277,124,1,0
543,672,52.00,OIL,543,488,407,307,151,1,0
544,697,54.00,OIL,575,507,445,351,173,6,0
545,709,32.00,OIL,587,522,453,322,180,0,0
546,701,92.00,OIL,594,539,464,343,174,4,2
547,715,72.00,OIL,589,523,446,325,171,3,1
548,714,112.00,OIL,586,531,461,329,153,3,1
549,688,73.00,OIL,550,486,420,312,145,4,1
550,639,141.00,OIL,532,475,404,291,138,7,2
551,680,161.00,OIL,579,515,430,313,156,5,3
552,675,92.00,OIL,549,496,422,304,123,3,3
553,661,73.00,OIL,536,483,397,283,143,9,1
554,608,65.00,OIL,498,453,387,264,129,8,1
555,620,35.00,OIL,511,464,388,286,133,1,0
556,685,115.00,OIL,574,516,434,310,154,7,1
557,744,115.00,OIL,635,575,493,351,186,5,2
558,727,82.00,OIL,609,556,483,376,193,8,3
559,753,129.00,OIL,646,586,496,373,177,5,4
560,745,114.00,OIL,653,581,497,375,196,4,2
561,746,164.00,OIL,630,575,492,359,176,7,1
562,736,106.00,OIL,626,582,501,401,212,1,1
563,695,122.00,OIL,584,535,478,362,188,8,1
564,711,102.00,OIL,612,565,500,381,210,9,2
565,744,63.00,OIL,639,600,536,417,191,8,0
566,747,90.00,OIL,662,617,563,417,229,6,2
567,708,78.00,OIL,620,586,516,409,223,6,1
568,755,81.00,OIL,662,610,539,424,245,5,3
569,727,71.00,OIL,625,582,510,391,207,8,2
570,735,97.00,OIL,647,611,534,417,228,8,2
571,720,98.00,OIL,642,596,504,401,200,8,4
572,652,49.00,OIL,561,524,452,338,181,4,0
573,656,121.00,OIL,569,539,466,357,183,6,2
574,662,65.00,OIL,583,555,477,356,185,8,1
575,653,128.00,OIL,571,531,471,368,185,8,1
576,694,49.00,OIL,618,577,502,393,219,3,0
577,678,132.00,OIL,596,552,479,362,206,5,1
578,669,86.00,OIL,577,542,489,382,200,8,3
579,669,117.00,OIL,598,562,498,406,228,5,2
580,705,69.00,OIL,628,587,518,401,218,5,2
581,667,70.00,OIL,589,562,497,390,228,7,1
582,674,209.00,OIL,607,576,518,404,225,6,3
583,591,60.00,OIL,522,487,443,343,177,2,0
584,545,72.00,OIL,484,464,412,313,174,3,1
585,567,70.00,OIL,501,465,415,327,168,5,1
586,593,95.00,OIL,528,499,443,351,191,7,2
587,581,36.00,OIL,515,483,434,349,189,2,0
588,545,40.00,OIL,484,448,405,320,190,4,0
589,552,68.00,OIL,493,464,413,327,178,4,1
590,583,180.00,OIL,515,491,437,339,200,8,5
591,600,85.00,OIL,531,508,467,373,220,8,1
592,601,125.00,OIL,536,521,472,387,221,4,2
593,532,117.00,OIL,486,462,420,349,197,6,3
594,539,102.00,OIL,484,460,416,340,199,7,1
595,551,150.00,OIL,500,470,423,347,219,4,1
596,497,178.00,OIL,444,422,376,301,176,6,4
597,471,94.00,OIL,431,409,381,307,186,2,1
598,458,147.00,OIL,410,389,351,273,164,6,2
599,422,143.00,OIL,377,349,316,239,136,5,2
600,425,134.00,OIL,382,367,331,268,159,5,3
601,354,70.00,OIL,315,300,276,219,140,5,1
602,375,167.00,OIL,337,326,299,234,146,4,3
603,387,190.00,OIL,354,344,318,273,164,1,1
604,400,42.00,OIL,360,347,311,250,142,1,0
605,388,94.00,OIL,353,336,307,260,151,4,2
606,398,57.00,OIL,354,337,305,252,146,3,0
607,379,86.00,OIL,349,331,299,242,145,3,3
608,358,104.00,OIL,328,313,297,251,147,4,2
609,364,128.00,OIL,333,320,297,248,153,3,2
610,369,148.00,OIL,336,318,300,242,147,2,1
611,356,167.00,OIL,325,306,277,231,152,5,3
612,348,98.00,OIL,315,298,262,216,122,2,1
613,357,172.00,OIL,336,319,289,245,145,3,1
614,255,87.00,OIL,230,215,198,159,104,4,3
615,237,60.00,OIL,212,204,178,146,87,1,0
616,262,144.00,OIL,232,216,193,165,97,5,5
617,267,63.00,OIL,234,223,199,173,99,2,0
618,292,104.00,OIL,268,257,232,192,128,5,2
619,268,201.00,OIL,246,235,209,177,114,4,1
620,232,127.00,OIL,203,193,176,153,106,4,3
621,223,175.00,OIL,204,199,179,157,96,3,2
622,236,113.00,OIL,215,208,196,157,101,4,3
623,225,46.00,OIL,202,192,176,149,89,1,0
624,241,152.00,OIL,213,207,194,151,78,1,1
625,246,117.00,OIL,225,216,198,170,99,2,2
626,235,125.00,OIL,213,204,187,149,102,3,2
627,244,67.00,OIL,219,209,191,156,95,3,1
628,240,97.00,OIL,216,208,188,153,95,3,1
629,206,75.00,OIL,183,174,154,134,77,1,1
630,214,62.00,OIL,192,184,173,141,88,2,0
631,202,204.00,OIL,176,171,156,124,78,3,2
632,209,51.00,OIL,189,183,168,140,81,2,0
633,199,74.00,OIL,180,174,161,138,84,1,1
634,170,50.00,OIL,152,143,125,103,63,2,0
635,180,122.00,OIL,160,155,143,113,71,2,2
636,181,61.00,OIL,160,152,143,122,76,1,0
637,183,37.00,OIL,168,159,150,125,78,1,0
638,140,99.00,OIL,125,116,111,93,59,1,1
639,162,186.00,OIL,146,144,131,119,76,2,2
640,149,132.00,OIL,134,124,119,102,63,2,1
641,157,61.00,OIL,144,136,123,105,49,1,0
642,159,199.00,OIL,145,137,127,110,67,1,1
643,137,146.00,OIL,125,123,114,95,56,2,2
644,123,69.00,OIL,110,103,91,75,48,2,1
645,130,101.00,OIL,115,108,102,86,53,2,1
646,141,93.00,OIL,128,124,117,96,69,1,1
647,124,104.00,OIL,113,110,104,90,58,2,2
648,125,50.00,OIL,113,108,101,81,52,2,0
649,120,166.00,OIL,105,101,97,81,51,2,1
650,130,67.00,OIL,116,111,103,86,60,2,1
651,145,59.00,OIL,126,122,112,95,60,2,0
652,141,116.00,OIL,125,122,109,88,55,2,2
653,120,63.00,OIL,111,107,101,81,48,1,0
654,131,210.00,OIL,118,112,101,87,57,2,2
655,133,120.00,OIL,121,119,109,99,60,2,2
656,142,74.00,OIL,123,114,106,91,58,2,1
657,122,154.00,OIL,107,103,90,70,43,2,2
658,144,155.00,OIL,131,121,112,94,65,2,2
659,122,99.00,OIL,110,105,97,82,51,2,1
660,116,153.00,OIL,106,100,90,72,48,1,1
661,91,87.00,OIL,82,79,76,61,41,1,1
662,102,146.00,OIL,95,91,90,70,45,1,1
663,102,161.00,OIL,92,87,79,65,43,1,1
664,85,38.00,OIL,74,70,69,62,45,1,0
665,98,55.00,OIL,83,79,77,62,38,1,0
666,97,102.00,OIL,89,86,79,66,44,1,1
667,73,45.00,OIL,64,62,56,40,26,1,0
668,89,49.00,OIL,81,79,75,64,45,1,0
669,71,53.00,OIL,65,65,61,48,31,1,0
670,89,70.00,OIL,80,76,72,62,40,1,1
671,85,64.00,OIL,75,74,72,57,42,1,0
672,104,82.00,OIL,96,91,81,65,44,1,1
673,94,80.00,OIL,84,82,74,61,43,1,1
674,65,37.00,OIL,59,52,50,44,28,1,0
675,51,26.00,OIL,44,40,38,31,14,0,0
676,34,27.00,OIL,29,26,25,19,14,0,0
677,27,29.00,OIL,24,22,22,20,12,0,0
678,31,30.00,OIL,28,27,25,20,15,0,0
679,32,30.00,OIL,27,26,25,20,10,0,0
680,34,29.00,OIL,28,26,26,20,11,0,0
681,36,30.00,OIL,32,29,25,23,18,0,0
682,26,29.00,OIL,20,19,18,17,11,0,0
683,31,29.00,OIL,24,23,19,14,8,0,0
684,33,30.00,OIL,25,25,25,20,14,0,0
685,31,29.00,OIL,25,22,22,21,14,0,0
686,32,29.00,OIL,28,28,27,22,10,0,0
687,40,29.00,OIL,32,31,29,26,19,0,0
688,36,30.00,OIL,31,29,29,27,15,0,0
689,27,30.00,OIL,24,24,22,19,16,0,0
690,36,30.00,OIL,32,31,29,26,16,0,0
691,36,30.00,OIL,33,32,29,25,19,0,0
692,33,27.00,OIL,30,28,26,22,14,0,0
693,27,30.00,OIL,26,26,25,21,13,0,0
694,32,30.00,OIL,28,28,27,22,12,0,0
695,33,29.00,OIL,31,31,26,19,11,0,0
696,27,30.00,OIL,21,21,20,16,13,0,0
697,30,27.00,OIL,28,28,26,23,12,0,0
698,38,28.00,OIL,32,29,26,22,14,0,0
699,30,29.00,OIL,26,25,23,19,14,0,0
700,24,30.00,OIL,20,19,18,15,8,0,0
701,27,29.00,OIL,26,26,26,22,15,0,0
702,29,30.00,OIL,24,23,23,21,17,0,0
703,26,29.00,OIL,23,22,22,20,11,0,0
704,31,30.00,OIL,28,27,25,23,14,0,0
705,35,28.00,OIL,31,30,23,20,14,0,0
706,36,28.00,OIL,31,29,26,22,9,0,0
707,40,29.00,OIL,35,32,31,28,20,0,0
708,28,28.00,OIL,24,24,23,19,13,0,0
709,23,26.00,OIL,19,19,18,14,8,0,0
710,28,29.00,OIL,24,22,19,15,9,0,0
711,33,28.00,OIL,28,27,24,23,20,0,0
712,26,30.00,OIL,21,19,19,16,10,0,0
713,35,29.00,OIL,32,29,22,18,11,0,0
714,29,28.00,OIL,26,25,23,18,10,0,0
715,30,29.00,OIL,25,25,24,21,12,0,0
716,31,30.00,OIL,26,25,24,22,12,0,0
717,27,29.00,OIL,25,24,23,17,11,0,0
718,24,29.00,OIL,18,18,17,15,11,0,0
719,38,30.00,OIL,33,33,31,24,18,0,0
720,27,29.00,OIL,24,24,24,21,12,0,0
721,25,30.00,OIL,22,22,20,19,15,0,0
722,35,30.00,OIL,32,31,30,26,14,0,0
723,32,29.00,OIL,29,29,28,24,14,0,0
724,33,28.00,OIL,29,29,24,19,13,0,0
725,38,29.00,OIL,34,33,30,24,14,0,0
726,40,30.00,OIL,34,32,29,23,16,0,0
727,34,29.00,OIL,30,28,26,25,18,0,0
728,38,30.00,OIL,32,31,29,24,16,0,0
729,38,30.00,OIL,34,34,31,27,14,0,0
730,24,30.00,OIL,22,22,18,16,11,0,0
731,30,29.00,OIL,27,26,22,16,9,0,0
732,30,29.00,OIL,24,24,22,20,14,0,0
733,24,30.00,OIL,19,19,19,14,11,0,0
734,24,28.00,OIL,22,21,21,17,14,0,0
735,32,30.00,OIL,24,24,22,20,12,0,0
736,32,29.00,OIL,29,28,26,25,12,0,0
737,32,28.00,OIL,31,30,28,24,13,0,0
738,34,29.00,OIL,32,32,31,29,20,0,0
739,29,30.00,OIL,24,24,20,19,10,0,0
740,32,29.00,OIL,26,25,24,18,13,0,0
741,37,30.00,OIL,35,34,32,27,14,0,0
742,34,29.00,OIL,30,29,27,23,13,0,0
743,33,30.00,OIL,28,27,24,21,16,0,0
744,32,28.00,OIL,29,29,27,26,15,0,0
745,35,28.00,OIL,32,31,27,22,13,0,0
746,26,28.00,OIL,18,16,15,11,7,0,0
747,25,23.00,OIL,22,19,17,14,8,0,0
748,26,29.00,OIL,23,22,19,15,8,0,0
749,31,30.00,OIL,27,26,23,19,13,0,0
750,27,26.00,OIL,25,25,24,18,8,0,0
751,33,27.00,OIL,28,27,25,20,13,0,0
752,32,29.00,OIL,25,24,23,17,10,0,0
753,27,28.00,OIL,22,19,18,11,9,0,0
754,30,29.00,OIL,26,25,21,17,7,0,0
755,29,28.00,OIL,27,24,24,20,13,0,0
756,35,30.00,OIL,30,30,29,23,12,0,0
757,36,30.00,OIL,34,31,29,21,16,0,0
758,27,28.00,OIL,25,25,23,18,11,0,0
759,24,30.00,OIL,20,18,18,15,8,0,0
760,35,29.00,OIL,28,27,26,22,14,0,0
761,28,30.00,OIL,24,21,21,19,11,0,0
762,35,27.00,OIL,32,30,27,25,13,0,0
763,37,30.00,OIL,33,31,31,26,11,0,0
764,38,30.00,OIL,34,30,28,26,12,0,0
765,32,29.00,OIL,27,27,23,20,14,0,0
766,33,29.00,OIL,31,31,30,26,19,0,0
767,30,29.00,OIL,26,26,24,20,10,0,0
768,26,30.00,OIL,22,22,20,14,7,0,0
769,33,29.00,OIL,25,24,23,22,13,0,0
770,27,29.00,OIL,24,23,22,18,13,0,0
771,27,28.00,OIL,23,21,20,16,14,0,0
772,33,30.00,OIL,28,26,25,21,14,0,0
773,25,28.00,OIL,22,21,21,17,13,0,0
774,30,29.00,OIL,27,27,26,21,11,0,0
775,36,28.00,OIL,30,29,24,22,17,0,0
776,29,29.00,OIL,27,26,24,21,14,0,0
777,32,30.00,OIL,25,23,21,15,12,0,0
778,27,29.00,OIL,24,22,22,17,10,0,0
779,30,30.00,OIL,26,26,24,20,14,0,0
780,31,30.00,OIL,29,28,27,24,18,0,0
781,33,29.00,OIL,28,28,28,22,12,0,0
782,32,30.00,OIL,28,27,21,18,14,0,0
783,31,28.00,OIL,26,26,24,20,14,0,0
784,29,28.00,OIL,26,26,25,22,15,0,0
785,22,29.00,OIL,21,20,19,16,11,0,0
786,31,30.00,OIL,25,24,23,21,14,0,0
787,27,30.00,OIL,26,26,22,18,12,0,0
788,23,29.00,OIL,20,20,20,17,11,0,0
789,38,29.00,OIL,37,35,33,27,14,0,0
790,26,29.00,OIL,21,18,18,11,6,0,0
791,38,29.00,OIL,32,30,28,22,13,0,0
792,37,30.00,OIL,34,33,29,24,17,0,0
793,37,29.00,OIL,31,30,30,29,22,0,0
794,24,29.00,OIL,23,22,22,19,10,0,0
795,35,29.00,OIL,29,27,26,20,12,0,0
796,22,29.00,OIL,21,21,19,15,12,0,0
797,44,30.00,OIL,38,37,34,25,15,0,0
798,38,29.00,OIL,31,31,28,25,13,0,0
799,30,29.00,OIL,24,24,21,17,10,0,0
800,35,29.00,OIL,31,30,29,25,15,0,0
801,33,27.00,OIL,28,22,21,17,10,0,0
802,32,30.00,OIL,29,28,27,23,14,0,0
803,29,29.00,OIL,24,22,21,19,8,0,0
804,38,28.00,OIL,33,32,30,22,15,0,0
805,35,29.00,OIL,31,30,28,23,16,0,0
806,32,29.00,OIL,27,25,23,18,12,0,0
807,26,29.00,OIL,22,21,20,15,8,0,0
808,41,30.00,OIL,40,39,35,28,15,0,0
809,34,30.00,OIL,30,27,26,20,14,0,0
810,28,29.00,OIL,26,25,23,21,11,0,0
811,22,29.00,OIL,19,18,17,14,12,0,0
812,28,28.00,OIL,24,24,21,17,10,0,0
813,36,30.00,OIL,32,28,26,19,14,0,0
814,34,29.00,OIL,30,28,26,22,14,0,0
815,35,30.00,OIL,33,31,31,27,18,0,0
816,28,29.00,OIL,24,23,20,15,10,0,0
817,32,27.00,OIL,27,27,26,19,9,0,0
818,35,30.00,OIL,33,32,32,26,15,0,0
819,37,29.00,OIL,35,30,27,24,13,0,0
820,37,28.00,OIL,30,29,28,24,18,0,0
821,26,29.00,OIL,23,22,20,19,10,0,0
822,35,29.00,OIL,29,28,24,20,13,0,0
823,32,29.00,OIL,26,26,23,21,15,0,0
824,33,27.00,OIL,27,27,23,21,11,0,0
825,26,30.00,OIL,23,23,21,17,15,0,0
826,44,30.00,OIL,40,40,35,24,17,0,0
827,36,30.00,OIL,30,28,27,20,13,0,0
828,26,23.00,OIL,21,20,20,12,5,0,0
829,29,28.00,OIL,24,23,21,19,9,0,0
830,39,30.00,OIL,36,34,30,25,16,0,0
831,34,30.00,OIL,29,29,28,22,16,0,0
832,37,30.00,OIL,33,32,31,24,16,0,0
833,22,30.00,OIL,20,19,17,15,9,0,0
834,35,30.00,OIL,30,29,27,22,15,0,0
835,20,27.00,OIL,18,15,14,13,11,0,0
836,30,30.00,OIL,26,26,24,19,14,0,0
837,29,29.00,OIL,25,24,21,15,8,0,0
838,33,29.00,OIL,27,26,24,21,16,0,0
839,27,29.00,OIL,21,21,18,16,10,0,0
840,25,29.00,OIL,21,21,19,15,7,0,0
841,35,30.00,OIL,31,30,26,26,15,0,0
842,37,30.00,OIL,31,31,29,25,12,0,0
843,25,22.00,OIL,23,23,21,14,7,0,0
844,31,28.00,OIL,27,26,23,19,8,0,0
845,27,29.00,OIL,26,26,26,21,18,0,0
846,24,29.00,OIL,20,20,17,13,9,0,0
847,31,29.00,OIL,26,24,23,19,10,0,0
848,30,27.00,OIL,22,22,21,20,11,0,0
849,30,28.00,OIL,25,24,23,18,14,0,0
850,41,30.00,OIL,36,33,31,30,20,0,0
851,38,29.00,OIL,35,34,32,26,17,0,0
852,24,29.00,OIL,23,21,20,18,9,0,0
853,26,26.00,OIL,24,23,21,15,7,0,0
854,28,29.00,OIL,24,24,23,18,11,0,0
855,38,29.00,OIL,33,29,28,21,14,0,0
856,30,29.00,OIL,27,26,23,22,13,0,0
857,34,28.00,OIL,31,30,29,22,12,0,0
858,32,29.00,OIL,31,30,29,28,13,0,0
859,39,30.00,OIL,34,33,31,26,16,0,0
860,32,30.00,OIL,28,27,24,21,9,0,0
861,28,30.00,OIL,23,23,21,18,12,0,0
862,34,29.00,OIL,27,26,25,22,14,0,0
863,26,30.00,OIL,24,24,22,20,12,0,0
864,33,30.00,OIL,29,26,25,20,15,0,0
865,27,30.00,OIL,23,22,20,15,9,0,0
866,26,29.00,OIL,20,20,18,15,9,0,0
867,33,29.00,OIL,30,27,24,19,14,0,0
868,32,29.00,OIL,29,26,23,18,12,0,0
869,28,30.00,OIL,24,22,18,14,10,0,0
870,38,30.00,OIL,35,35,31,28,17,0,0
871,38,27.00,OIL,33,31,27,22,12,0,0
872,33,27.00,OIL,26,26,24,17,8,0,0
873,35,30.00,OIL,31,29,25,24,16,0,0
874,25,30.00,OIL,23,22,22,20,12,0,0
875,38,30.00,OIL,36,36,34,30,20,0,0
876,33,28.00,OIL,26,25,21,16,9,0,0
877,38,29.00,OIL,33,32,32,26,18,0,0
878,37,29.00,OIL,32,32,31,25,14,0,0
879,31,30.00,OIL,27,27,25,22,15,0,0
880,33,29.00,OIL,32,31,30,25,14,0,0
881,43,29.00,OIL,37,36,34,25,22,0,0
882,48,30.00,OIL,43,43,40,36,26,0,0
883,28,30.00,OIL,25,23,23,20,13,0,0
884,29,29.00,OIL,26,25,24,19,15,0,0
885,31,30.00,OIL,28,26,22,21,18,0,0
886,25,29.00,OIL,21,20,18,16,8,0,0
887,29,27.00,OIL,22,21,17,13,8,0,0
888,34,30.00,OIL,29,28,26,22,15,0,0
889,33,29.00,OIL,28,26,23,20,15,0,0
890,32,30.00,OIL,31,30,30,24,18,0,0
891,26,30.00,OIL,25,25,23,21,13,0,0
892,29,29.00,OIL,27,26,25,20,12,0,0
893,32,28.00,OIL,28,28,28,23,17,0,0
894,33,30.00,OIL,30,28,26,20,15,0,0
895,33,30.00,OIL,31,30,29,26,19,0,0
896,41,29.00,OIL,36,33,29,23,12,0,0
897,30,29.00,OIL,27,26,24,22,13,0,0
898,29,29.00,OIL,26,24,21,19,10,0,0
899,47,29.00,OIL,43,43,37,29,20,0,0
900,42,30.00,OIL,39,39,36,32,20,0,0
