frame,particulas,parede_us,cic_total,cic_vizinhanca,cic_transicao,cic_update,cic_movimento,tp_portao_visto,tp_portao_passou,cic_tp_conveccao,cic_tp_calor,cic_tp_mudanca,conf_particulas,conf_celulas,conf_marcas,tp_isotermico,checksum
1,144480,22609.1,76869560,9522074,28764091,2605681,13815913,144480,53980,4383157,8711056,1484769,8428,75852,2600640,0,0
2,144480,23753.4,80759724,9020812,28203411,2649820,19130944,144480,53805,4416224,8679277,1485697,8540,76860,2600640,0,0
3,144480,33075.5,112456258,8835546,28446591,2720019,50326830,144480,54051,4752406,8619590,1490138,10741,103400,2600640,0,0
4,144480,24641.3,83778958,9082012,29481153,2745063,19858499,144480,53905,4750666,8947349,1620242,10736,107128,2600640,0,0
5,144480,34087.4,115895324,9627168,29670213,2628445,50939754,144480,53837,5110136,9192305,1635821,15396,166224,2600640,0,0
6,144480,29122.7,99016806,8946488,28679718,2621160,35817440,144480,53420,5100417,8543727,1483819,18273,204593,2600640,0,0
7,144480,30486.7,103651720,9117134,31178412,2955439,36577854,144480,54018,5553672,9644812,1530023,17930,206282,2600640,0,0
8,144480,30907.2,105079955,9148482,30794771,2650353,38713760,144480,53652,5803812,9530021,1643814,20408,239759,2600640,0,0
9,144480,30107.0,102360298,9111184,30891800,2656849,36189213,144480,53685,5979628,9212956,1656628,21300,258629,2600640,0,0
10,144480,30741.1,104517360,9443772,31144079,2669304,37552901,144480,53626,5687102,9538558,1712252,21936,268285,2600640,0,0
11,144480,29754.1,101162308,9308112,29983349,2637424,36011422,144480,53890,5625705,8910020,1778792,23793,297733,2600640,0,0
12,144480,30434.2,103474444,9199176,30089240,2965866,36750558,144480,53767,5651578,9206586,1533305,24462,308931,2600640,0,0
13,144480,29641.7,100780046,9015202,29917157,2637159,35569255,144480,53674,5752193,8934317,1537280,25258,322094,2600640,0,0
14,144480,30346.5,103177828,9073240,31562002,2661508,36206184,144480,54016,5917551,9536440,1649298,26731,343976,2600640,0,0
15,144480,30380.4,103290943,8939926,30600531,2623705,37079812,144480,53863,6092103,9368561,1551202,27509,357424,2600640,0,0
16,144480,29838.2,101448248,9176804,30217925,2628280,35721207,144480,53747,5878475,8922779,1676076,28269,370496,2600640,0,0
17,144480,30715.6,104431204,9468320,30787783,2636516,36859759,144480,53333,5908264,9324719,1566202,29151,385147,2600640,0,0
18,144480,30056.6,102191284,9057838,30399501,2886958,36199110,144480,53420,6049005,9037619,1561470,30085,401070,2600640,0,0
19,144480,30471.6,103601706,8953458,31298503,2635867,36112807,144480,54002,6205762,9633619,1548571,30742,411588,2600640,0,0
20,144480,30412.5,103400902,9221004,30668249,2662109,36565654,144480,53475,6135970,9150824,1557769,31427,422670,2600640,0,0
21,144480,32153.3,109318565,9965431,32736002,2796327,38516015,144480,53696,6185871,10025914,1630969,32087,433515,2600640,0,0
22,144480,30814.9,104767906,9151372,31838278,2635957,37199050,144480,53539,6362479,9459276,1665732,32603,441857,2600640,0,0
23,144480,30173.7,102588404,9238684,30694847,2652486,35994398,144480,54153,6185386,9167696,1566018,33049,448768,2600640,0,0
24,144480,31677.6,107700984,10048734,32297666,2648461,37944242,144480,53715,6599704,9354653,1612852,33483,456664,2600640,0,0
25,144480,30615.9,104091918,9255616,31280301,2650207,36828329,144480,53799,6166199,9318808,1615058,33925,463858,2600640,0,0
26,144480,31966.4,108682867,9853438,33028020,3264114,38394188,144480,53648,6892332,9935354,1783109,34268,469940,2600640,0,0
27,144480,30823.2,104797452,9036044,30631757,2642532,37872783,144480,53688,6197864,9104449,1534751,34526,475375,2600640,0,0
28,144480,31041.8,105539739,9696698,31783930,2933810,36968142,144480,53995,7105312,9416542,1562247,34814,480000,2600640,0,0
29,144480,31461.4,106967366,9754362,32209437,2781197,37787308,144480,53429,6585316,9533204,1708524,35182,486138,2600640,0,0
30,144480,30266.7,102905692,9290704,30506864,2661433,36002652,144480,53963,6165074,9024908,1554514,35399,490443,2600640,0,0
31,144480,31398.8,106752452,9196218,31605165,2775492,37873427,144480,54002,6677226,9376788,1680035,35609,493401,2600640,0,0
32,144480,31779.5,108047036,9566886,33042706,2708952,37775496,144480,54132,6790167,9707263,1680307,35958,498332,2600640,0,0
33,144480,30471.2,103600346,9137670,31404424,2675523,36381611,144480,54130,6247108,9162108,1582057,36215,502824,2600640,0,0
34,144480,31196.5,106065887,9081944,31958754,2649913,37115586,144480,53822,6634122,9767610,1655828,36408,506223,2600640,0,0
35,144480,30438.4,103489472,9131516,31202541,2675143,36386165,144480,54009,6274898,9468139,1566709,36627,510567,2600640,0,0
36,144480,31918.5,108518273,9425548,32479562,3074798,37765397,144480,53819,6464501,9485756,1610587,36909,514364,2600640,0,0
37,144480,31235.2,106197504,9336805,31449472,2745195,38144552,144480,53816,6385036,9365273,1601989,37170,519088,2600640,0,0
38,144480,30657.3,104233392,9103398,31192043,2798045,36817127,144480,53559,6324948,9152148,1586963,37355,522356,2600640,0,0
39,144480,31303.6,106429452,9271256,32187132,2690988,37176976,144480,53648,6519285,9864220,1670344,37584,525734,2600640,0,0
40,144480,31191.2,106047870,9194994,32126220,2679303,37501121,144480,53610,6534192,9565371,1682740,37769,529254,2600640,0,0
41,144480,31137.6,105866480,9353672,32100240,2789485,37164660,144480,53614,6264783,9494960,1717904,37981,532544,2600640,0,0
42,144480,31190.5,106045898,9549444,31345384,2633007,36797986,144480,53816,6775902,9152572,1568639,38142,534686,2600640,0,0
43,144480,32066.9,109023448,9566410,32970287,2861027,38029779,144480,53622,6958830,9880234,1598441,38355,538583,2600640,0,0
44,144480,31610.2,107470090,9349150,32391934,2692353,38208936,144480,53652,6917811,9670810,1674313,38549,542024,2600640,0,0
45,144480,32260.2,109680192,10048802,32824591,2722733,38510833,144480,53599,6728736,9918318,1730864,38772,546093,2600640,0,0
46,144480,31079.5,105667580,9371454,31496236,2658700,37609539,144480,53690,6410106,9444562,1651644,39025,549017,2600640,0,0
47,144480,31344.4,106568101,9645290,31918879,2676534,37766809,144480,53609,6553130,9314911,1601267,39145,550893,2600640,0,0
48,144480,31664.4,107656614,9207438,32244704,2692798,38286874,144480,53353,6875885,9660854,1638934,39392,555082,2600640,0,0
49,144480,31711.2,107816856,9516532,32242006,2638605,38315694,144480,53623,6556447,9895633,1655009,39581,557650,2600640,0,0
50,144480,30550.8,103870680,9186154,30912668,2850462,36782517,144480,53765,6411588,9010349,1653132,39723,560446,2600640,0,0
51,144480,31571.8,107341060,9435238,32988249,2669716,37469566,144480,53931,7107061,9937833,1730777,39931,563932,2600640,0,0
52,144480,31858.4,108316690,9178980,33189293,2635648,37727275,144480,53693,6933720,10157400,1711103,40102,566722,2600640,0,0
53,144480,30991.8,105369230,9397702,31956133,2663670,36705376,144480,53603,6527353,9602478,1619704,40265,569721,2600640,0,0
54,144480,31912.9,108499984,9312328,33458092,3051421,37211731,144480,53588,7533707,9993528,1630024,40474,572790,2600640,0,0
55,144480,31848.6,108281262,9580724,33021482,2663462,38246300,144480,53840,6885249,10088014,1768775,40651,575652,2600640,0,0
56,144480,31698.5,107770820,9241200,32635823,2662239,38332354,144480,53674,6850753,9878118,1735379,40962,580361,2600640,0,0
57,144480,31843.3,108263517,9449484,32949580,2673152,38327697,144480,53338,6860162,10142131,1743682,41036,581678,2600640,0,0
58,144480,32034.5,108915124,9253202,33374095,2659292,38570035,144480,53961,7170073,10125675,1752740,41100,583493,2600640,0,0
59,144480,32616.6,110892802,9515070,34048596,2710845,38945976,144480,53894,7054325,10540472,1761887,41360,586975,2600640,0,0
60,144480,32800.2,111518062,9714480,34457293,2724016,38926523,144480,53979,7318193,10393039,1731818,41565,590208,2600640,0,0
61,144480,32415.4,110208994,9377438,33748495,2697763,38986956,144480,53679,7100115,10343999,1807140,41704,592714,2600640,0,0
62,144480,33934.5,115372829,9545806,36063276,2737526,41090045,144480,53466,7790329,11284413,1941866,41873,594937,2600640,0,0
63,144480,35158.2,119533865,11375822,35634921,2862256,42343697,144480,53739,7720600,10685486,1790946,41969,596657,2600640,0,0
64,144480,33103.2,112547208,10101434,34626286,2708120,39571172,144480,53656,7356621,10605755,1836942,42137,599272,2600640,0,0
65,144480,32569.2,110731982,9381892,34465575,2685615,39045177,144480,53865,7201961,10713285,1815529,42256,601116,2600640,0,0
66,144480,31988.5,108758075,9935514,32111225,2654301,38888541,144480,53688,6996804,9514583,1597597,42460,603415,2600640,0,0
67,144480,32122.3,109213882,10258208,32148110,2780010,39090167,144480,53563,6686005,9832788,1623082,42574,604877,2600640,0,0
68,144480,31585.3,107388592,9458256,32720638,2647496,37567756,144480,53834,6770793,9956215,1679039,42678,607061,2600640,0,0
69,144480,31114.7,105786478,9408956,31510602,2644056,37601728,144480,53826,6615935,9303538,1582617,42832,610399,2600640,0,0
70,144480,34880.8,118590501,10424502,36447047,2749395,41366296,144480,53565,7961716,11119214,2317930,42930,611683,2600640,0,0
71,144480,32183.4,109420058,9512486,32764610,2959387,38643578,144480,53849,6923223,9774450,1651170,43079,613771,2600640,0,0
72,144480,35246.1,119833003,10164541,36795194,3214256,42377655,144480,53819,7753219,11493808,1885280,43227,616650,2600640,0,0
73,144480,31926.6,108549862,9601328,32208208,2868253,38282732,144480,53353,6750754,9349165,1531696,43394,618585,2600640,0,0
74,144480,31755.0,107966762,9874518,32081513,2795637,38027509,144480,53760,6702689,9457024,1545742,43505,620444,2600640,0,0
75,144480,41304.8,140435266,11905474,42005859,4134965,49299627,144480,53755,8254905,14279975,1906301,43662,622368,2600640,0,0
76,144480,34138.8,116071442,10263306,34707668,3056555,40848378,144480,53981,7234980,10468937,1687845,43753,624483,2600640,0,0
77,144480,32531.4,110606114,9881488,32928336,2878305,38897854,144480,53440,6920108,9847653,1556871,43937,627885,2600640,0,0
78,144480,31818.7,108183444,9613364,32151622,2763463,38322055,144480,53661,6815873,9372251,1570727,44112,630375,2600640,0,0
79,144480,35858.6,121919141,9990594,35425185,4259001,46165470,144480,53552,7099293,9775138,1688888,44275,633371,2600640,0,0
80,144480,31843.6,108267662,9575284,32202240,2858973,38264844,144480,53357,6867576,9325869,1544634,44379,634979,2600640,0,0
81,144480,31877.8,108383598,9613092,32254591,2788795,38208811,144480,53666,6934697,9354437,1570535,44585,638450,2600640,0,0
82,144480,31810.2,108154068,9517790,32222744,2783121,38275087,144480,53841,6868221,9417657,1560568,44704,640121,2600640,0,0
83,144480,32138.4,109269948,9651444,32477482,2834374,38463994,144480,53409,6931494,9506762,1549682,44823,641988,2600640,0,0
84,144480,32231.4,109586216,9656612,32869901,2806224,38527092,144480,53943,6901877,9556221,1568736,45003,644356,2600640,0,0
85,144480,32884.9,111808354,9814780,33313456,2927764,39449412,144480,53840,6999615,9901023,1607320,45116,645972,2600640,0,0
86,144480,32291.3,109790080,9682452,32568247,2835003,38937404,144480,53421,6923771,9549205,1558258,45255,648385,2600640,0,0
87,144480,36774.0,125031402,9966828,36375748,4364512,47610766,144480,53725,7465378,10124734,1754424,45388,650585,2600640,0,0
88,144480,38760.1,131784224,10749681,39325375,4501708,48501895,144480,53971,8449406,11593220,1999363,45499,651958,2600640,0,0
89,144480,31946.3,108616808,9553048,32435287,2768459,38412290,144480,53500,7030499,9438071,1567844,45570,653626,2600640,0,0
90,144480,31916.8,108516780,9620810,32301452,2778325,38356733,144480,53411,6903257,9430904,1550854,45639,655241,2600640,0,0
91,144480,43350.0,147386534,12530090,44406492,4300881,51784069,144480,53820,8785161,15374059,2053645,45750,657716,2600640,0,0
92,144480,52488.1,178456514,14976558,55006312,5264073,62504900,144480,53475,10955232,19791434,1932678,45956,660855,2600640,0,0
93,144480,38585.5,131188156,10971086,40981392,3642256,45460170,144480,53463,8662158,13290994,1920974,46035,661941,2600640,0,0
94,144480,32676.9,111101052,9817228,33342577,2858390,38974930,144480,53583,7249596,9899817,1580097,46136,663911,2600640,0,0
95,144480,49119.7,167003968,13804034,51969677,4682325,59613634,144480,53418,10583705,18067716,2007098,46215,664845,2600640,0,0
96,144480,43794.3,148900190,12823406,45787636,4422071,51603619,144480,53701,9926843,14916591,2335421,46325,666195,2600640,0,0
97,144480,33041.5,112340794,9947380,33325030,2986223,39633340,144480,53759,7118768,9830875,1593689,46420,667989,2600640,0,0
98,144480,34284.7,116567300,10080864,35154293,3254371,40761885,144480,53637,7536891,10690309,1703861,46575,670270,2600640,0,0
99,144480,32887.3,111815868,9831168,33440703,2902307,39224211,144480,53821,7168410,9827029,1592255,46665,671411,2600640,0,0
100,144480,32502.1,110506506,9763678,32996703,2842254,38705663,144480,53630,7201474,9598049,1565148,46763,672519,2600640,0,17069272033230298165
101,144480,32012.1,108840460,9763984,32422643,2759989,38233303,144480,53359,6992293,9469159,1567886,46828,673744,2600640,0,0
102,144480,36271.2,123321641,9866052,36253188,4138192,46395338,144480,53476,7493237,10276513,1790447,46888,675104,2600640,0,0
103,144480,33587.2,114195908,10113544,34057659,2978862,40495791,144480,53778,7294360,9913998,1645035,46936,675832,2600640,0,0
104,144480,32035.9,108922026,9565866,32526858,2810381,38441459,144480,53827,6967443,9549110,1551732,47075,677582,2600640,0,0
105,144480,32080.9,109074176,9738824,32582336,2811441,38345558,144480,53654,6979672,9421566,1608145,47195,679428,2600640,0,0
106,144480,32587.8,110798146,9771838,32929686,2848989,38950761,144480,53986,7057353,9675630,1567118,47355,682444,2600640,0,0
107,144480,33169.9,112777116,9903554,33735453,2895388,39737320,144480,53879,7144707,10123498,1611080,47391,683465,2600640,0,0
108,144480,32344.6,109971130,9706082,32678111,2831239,38476102,144480,53690,7024358,9542651,1562755,47422,683498,2600640,0,0
109,144480,40644.2,138189736,11201640,40991883,4906412,51078948,144480,53451,8979179,11989398,2089169,47525,685390,2600640,0,0
110,144480,32397.2,110149970,9695406,32860724,2793151,38712581,144480,53381,7150460,9560987,1660076,47574,686225,2600640,0,0
111,144480,33344.7,113371062,10278370,34003704,2885053,39652260,144480,53973,7225699,10262360,1618707,47641,687030,2600640,0,0
112,144480,50824.6,172803684,14698608,52593155,5231070,60912653,144480,53616,11489184,17868318,2168771,47711,688246,2600640,0,0
113,144480,43972.6,149505108,12856488,44432892,4647233,52491367,144480,53836,9331072,14647183,1917219,47765,689383,2600640,0,0
114,144480,49443.4,168106511,13780234,51586652,5690505,60434615,144480,53810,12047932,16502626,2592638,47858,691220,2600640,0,0
115,144480,46649.3,158604897,13378252,48672292,4947069,57006046,144480,53763,11391481,15173967,2401166,47994,692913,2600640,0,0
116,144480,33453.3,113737412,9739198,33591015,3255964,41149155,144480,53825,7137950,9723108,1660173,48094,694533,2600640,0,0
117,144480,32638.4,110969812,9949250,33359874,2816823,38805300,144480,53798,7339714,9812583,1602152,48168,696150,2600640,0,0
118,144480,32287.2,109775630,9750248,32701786,2824957,38557008,144480,53612,7090596,9507170,1599286,48323,698642,2600640,0,0
119,144480,42753.8,145359452,11486152,44765182,4638151,53117846,144480,53658,10014228,13939774,2379899,48424,699856,2600640,0,0
120,144480,53315.9,181274500,14369352,58249047,5694198,63920904,144480,53598,14466455,19086665,2908372,48431,700268,2600640,0,0
121,144480,33336.4,113342502,9776496,34134547,3239226,40067653,144480,53835,7233221,10029249,1665072,48471,700626,2600640,0,0
122,144480,32947.2,112019736,9929836,33666271,2863548,39157630,144480,53564,7222257,9952306,1639503,48574,702728,2600640,0,0
123,144480,56190.5,191045074,15107526,60867349,6206844,67853350,144480,53656,14838714,20411659,2984635,48659,704748,2600640,0,0
124,144480,33290.5,113187972,9703600,33602549,3206036,40682026,144480,53751,7193223,9708663,1657076,48704,705072,2600640,0,0
125,144480,34692.4,117953104,10388564,35198931,3129400,41186999,144480,53881,7487153,10753577,1638953,48771,706872,2600640,0,0
126,144480,52316.4,177875930,15402306,52765205,5661487,61968109,144480,53746,10364056,18694683,1973952,48837,707501,2600640,0,0
127,144480,46137.3,156865936,13577322,47046694,4692345,54709383,144480,53770,9415920,16284300,1902808,48902,708293,2600640,0,0
128,144480,52797.5,179510752,15389148,53636171,5599559,62749018,144480,53459,10550247,19096372,1954457,48929,709014,2600640,0,0
129,144480,53300.8,181219958,15816726,54165596,5754301,63431217,144480,53714,11227997,18960269,2134836,49054,710663,2600640,0,0
130,144480,35628.3,121135676,10198300,35595320,4209755,44263267,144480,53829,7458738,10142776,1702947,49106,711845,2600640,0,0
131,144480,32864.2,111737124,10014700,33459699,2870310,38994026,144480,53566,7292485,9845938,1607854,49161,712791,2600640,0,0
132,144480,55883.3,190000547,15148802,61341550,6029318,67235524,144480,53789,14932603,20352522,2989012,49237,714023,2600640,0,0
133,144480,36888.0,125418763,9872478,38093397,3868820,46441735,144480,53548,8162605,11206548,2011537,49315,715752,2600640,0,0
134,144480,34953.1,118840574,9757354,34663254,3956682,44194238,144480,53534,7169938,9643985,1625315,49395,717277,2600640,0,0
135,144480,32200.0,109479286,9733180,32662342,2804394,38367741,144480,53448,7099462,9502888,1566433,49440,718268,2600640,0,0
136,144480,32161.2,109347468,9656986,32891011,2797694,38186216,144480,53739,7211178,9483251,1568856,49527,718817,2600640,0,0
137,144480,34995.2,118983340,10302272,36326331,3572876,41457446,144480,53842,8054654,10884574,1896437,49590,720364,2600640,0,0
138,144480,32019.7,108867388,9749262,32524120,2784793,38016361,144480,53270,7053979,9469659,1554272,49640,720917,2600640,0,0
139,144480,32129.9,109241422,9633152,32590451,2786076,38220389,144480,53748,7124029,9457024,1558114,49705,721635,2600640,0,0
140,144480,36837.8,125247848,9897740,36508397,4335488,47608032,144480,53584,7407388,10093144,1711635,49791,723281,2600640,0,0
141,144480,32470.2,110398408,9725088,33054147,2821495,38627732,144480,53891,7111566,9817047,1567150,49837,723935,2600640,0,0
142,144480,32622.8,110917160,9828176,33227613,2881207,38752149,144480,53535,7219201,9679334,1692641,49916,725337,2600640,0,0
143,144480,32348.3,109983608,9744230,32960016,2790505,38460794,144480,53531,7170504,9668224,1567451,49982,726473,2600640,0,0
144,144480,36711.0,124816856,9857280,36287053,4321279,47433295,144480,53299,7420234,9918681,1697180,50019,726896,2600640,0,0
145,144480,35927.7,122153976,9823348,35828974,4179155,45831149,144480,53872,7505828,9976262,1698291,50099,728127,2600640,0,0
146,144480,32584.6,110787062,9831746,33070114,2862081,38612195,144480,53491,7197137,9747022,1563464,50195,729401,2600640,0,0
147,144480,35874.3,121972382,9747664,35501921,4140197,46036095,144480,53507,7316279,9830038,1695841,50226,730050,2600640,0,0
148,144480,35173.3,119587766,10014768,37329765,3274231,41929293,144480,53425,8093762,11434497,2087059,50289,730788,2600640,0,0
149,144480,33452.4,113737854,10041560,34143413,2884712,39873927,144480,53572,7826253,9840778,1623755,50305,731223,2600640,0,0
150,144480,32671.1,111081808,9793836,33416079,2865548,38984746,144480,53806,7285734,9788850,1594957,50413,732995,2600640,0,0
151,144480,36827.7,125214029,9903895,36745831,4408776,47511161,144480,53709,7560233,10211958,1745355,50504,733978,2600640,0,0
152,144480,33261.1,113087502,9929224,33694109,2938784,39668398,144480,53755,7319495,9970776,1590841,50541,735002,2600640,0,0
153,144480,36789.7,125084574,9850480,36684921,4300563,47373978,144480,53796,7524968,10200277,1722741,50612,736044,2600640,0,0
154,144480,48599.6,165238235,13071198,50341015,5738749,59663975,144480,53664,11374233,15959130,2675081,50642,736718,2600640,0,0
155,144480,41640.7,141577739,11293916,44491659,4177198,49616815,144480,53565,9348896,14947883,2155618,50714,738059,2600640,0,0
156,144480,33838.9,115051580,10060294,34411862,3170780,40183831,144480,53996,7317845,10289143,1621828,50817,739223,2600640,0,0
157,144480,36773.8,125023305,9943538,37287730,4327956,46439866,144480,53857,7669307,10794241,1780735,50842,739614,2600640,0,0
158,144480,33043.7,112347934,9855648,33545923,2851635,39463806,144480,53739,7157225,10025237,1596188,50863,740454,2600640,0,0
159,144480,38825.7,132006904,10519872,39325823,4475152,49047485,144480,53442,8575729,11325213,1916638,50922,741585,2600640,0,0
160,144480,32462.8,110371752,9775782,32926048,2879433,38522980,144480,53861,7118099,9646670,1557274,50969,742715,2600640,0,0
161,144480,33209.4,112911790,9875708,34929333,2798315,39047363,144480,53706,7553473,10625017,1797192,51023,743058,2600640,0,0
162,144480,32451.4,110334386,9791252,33023444,2816141,38381126,144480,53774,7182722,9649593,1615121,51065,743963,2600640,0,0
163,144480,53493.2,181873310,15567886,55980765,5312972,63583108,144480,53678,10978022,20321020,1947894,51186,745530,2600640,0,0
164,144480,54565.7,185521748,15478908,59215770,5280197,64301990,144480,53849,11567431,21939969,1962692,51267,746616,2600640,0,0
165,144480,51744.6,175928648,14688170,56006990,4928039,61121860,144480,53812,11112884,20268036,1992773,51297,748023,2600640,0,0
166,144480,43535.5,148020345,11848437,46194757,4512899,52778711,144480,53816,9848477,14998796,2579672,51368,749143,2600640,0,0
167,144480,32184.0,109425158,9655626,32832409,2846716,38198698,144480,53563,7069512,9519664,1558358,51431,750310,2600640,0,0
168,144480,32222.1,109554970,9788668,32883752,2791784,38148128,144480,53744,7114559,9598228,1560935,51465,751445,2600640,0,0
169,144480,36413.7,123806750,9888186,36107810,4174168,46937162,144480,53742,7420367,10016360,1690722,51497,751312,2600640,0,0
170,144480,32327.7,109913738,9765174,32980395,2795272,38297229,144480,53694,7132857,9680126,1582922,51553,752032,2600640,0,0
171,144480,32272.4,109726004,9705776,32829902,2776080,38395192,144480,53774,7108382,9594450,1565039,51592,752842,2600640,0,0
172,144480,52975.4,180114221,14121016,58939617,5517477,63862451,144480,53644,14284068,19565554,2828479,51655,753861,2600640,0,0
173,144480,32653.8,111019350,9608400,33364705,2952527,39187511,144480,53459,7211166,9793241,1656771,51758,755248,2600640,0,0
174,144480,37384.8,127107810,10623232,37793139,3903247,45507274,144480,53989,8004730,11504690,1924830,51773,755407,2600640,0,0
175,144480,32207.1,109503562,9710196,32943382,2788642,38046843,144480,53772,7205148,9658143,1562117,51850,756953,2600640,0,0
176,144480,32044.6,108950994,9678984,32637331,2775234,37969464,144480,53453,7117343,9475822,1549970,51899,757848,2600640,0,0
177,144480,32630.2,110942068,9870404,33347275,2830101,38575680,144480,53933,7394123,9740086,1571521,51957,758964,2600640,0,0
178,144480,38469.2,130795084,10321524,38809046,4373196,48712034,144480,53795,8125641,11101565,1849534,52007,759456,2600640,0,0
179,144480,32198.6,109474696,9653620,32596848,2823193,38318767,144480,53520,7061167,9454550,1553930,52047,760606,2600640,0,0
180,144480,32092.2,109113446,9676774,32717405,2770808,38004388,144480,53503,7079392,9585607,1565992,52100,760839,2600640,0,0
181,144480,32196.2,109466672,9765242,32770209,2787382,38029687,144480,53660,7155877,9572424,1562151,52137,762091,2600640,0,0
182,144480,32749.2,111347042,9878156,33394207,2885732,38654712,144480,53793,7177945,9922844,1566962,52209,762779,2600640,0,0
183,144480,36439.4,123894368,9719852,36518482,4231694,46937182,144480,53429,7336134,9953814,1696329,52254,763166,2600640,0,0
184,144480,36894.7,125441898,10082618,36761765,4256409,47495025,144480,53990,7467612,10207879,1746494,52292,763270,2600640,0,0
185,144480,36875.0,125374835,9927014,36821711,4211538,47328084,144480,53621,7490713,10347230,1771784,52348,763794,2600640,0,0
186,144480,36390.1,123726056,9840246,36269861,4119909,46533767,144480,54064,7377126,10157795,1726247,52363,764672,2600640,0,0
187,144480,35678.5,121306968,9790096,35615993,4029675,45223609,144480,53659,7385426,10026350,1696105,52401,765219,2600640,0,0
188,144480,32615.6,110892428,9942722,33121256,2846552,38618536,144480,53621,7124998,9560907,1575612,52396,765223,2600640,0,0
189,144480,32229.6,109579994,9755382,32784272,2792499,38031128,144480,53409,7131245,9448709,1549448,52414,766453,2600640,0,0
190,144480,34452.5,117135673,10379860,35465413,3027374,40772390,144480,53832,7883483,10537766,1686572,52473,767099,2600640,0,0
191,144480,34025.9,115687618,9749194,34859830,3665806,40885393,144480,53556,7323036,10186569,1744952,52526,767688,2600640,0,0
192,144480,32181.3,109415944,9676434,32746647,2789082,38095636,144480,53985,7077329,9595467,1566486,52529,768067,2600640,0,0
193,144480,32471.5,110402624,9757252,33069841,2842151,38508137,144480,53720,7137950,9779590,1564835,52577,768484,2600640,0,0
194,144480,32820.2,111587694,9878802,33514942,2864307,38734384,144480,53662,7229560,9911132,1620102,52621,769122,2600640,0,0
195,144480,37811.6,128558355,10457108,39817476,3874149,45623045,144480,53745,8541472,12298804,1991095,52689,770179,2600640,0,0
196,144480,32398.7,110155070,9730018,33004705,2810413,38463257,144480,53976,7087683,9751319,1562473,52704,770819,2600640,0,0
197,144480,32268.7,109713342,9722844,32892779,2826439,38040582,144480,53885,7094315,9695540,1566073,52720,771384,2600640,0,0
198,144480,32962.4,112071718,9975804,33737446,2902398,38726603,144480,53729,7379079,10068696,1572805,52783,771963,2600640,0,0
199,144480,32220.1,109548136,9809748,32711169,2772283,38201516,144480,53963,7037490,9548840,1584361,52825,772957,2600640,0,0
200,144480,33816.5,114975080,10140602,34647387,2986884,39727193,144480,53693,7468947,10531776,1624009,52864,773766,2600640,0,14156575367981699937
201,144480,36630.0,124541529,10110585,37570446,3950876,45373086,144480,53565,7865149,11173636,1892908,52909,774319,2600640,0,0
202,144480,36584.8,124387509,10170080,36700303,4143413,46022624,144480,54000,7524628,10491165,1766871,52942,774774,2600640,0,0
203,144480,32275.6,109736734,9744400,32976819,2815944,38000484,144480,53564,7112152,9736384,1544998,52947,774636,2600640,0,0
204,144480,32314.1,109867906,9720600,32906627,2905498,38196354,144480,53708,7085619,9706768,1584351,52988,775345,2600640,0,0
205,144480,32304.0,109833838,9866188,32770333,2796512,38065752,144480,53724,7084941,9592607,1561223,53086,776264,2600640,0,0
206,144480,35695.5,121364428,9769458,35714813,3948658,45087284,144480,53877,7473878,10072814,1660785,53105,776695,2600640,0,0
207,144480,32196.2,109466740,9725394,32799057,2796233,38002098,144480,53973,7088792,9557654,1589949,53109,777170,2600640,0,0
208,144480,32453.7,110341968,9900698,32998984,2830558,38347018,144480,53651,7132487,9741571,1549807,53114,777093,2600640,0,0
209,144480,38885.6,132210824,10330594,39189158,4470577,49441862,144480,53500,8192431,11312322,1906050,53132,778110,2600640,0,0
210,144480,36465.7,123982980,10047374,36399146,4148430,46736461,144480,53814,7269076,10095852,1688700,53151,778702,2600640,0,0
211,144480,37391.9,127132291,10015924,37700748,4254306,47642782,144480,53758,7570756,10525336,2020898,53192,779408,2600640,0,0
212,144480,32477.2,110422004,9741850,33087058,2857169,38499175,144480,53647,7107258,9802640,1571951,53215,779656,2600640,0,0
213,144480,37275.1,126734830,10970508,38000217,3548020,43781656,144480,53823,7814491,12384653,1708460,53225,780054,2600640,0,0
214,144480,36140.4,122876923,9964448,36198695,3997851,45741052,144480,53755,7384238,10200539,1724155,53301,781307,2600640,0,0
215,144480,32308.9,109849716,9741408,32929955,2787334,38190381,144480,53585,7095847,9653123,1604331,53306,781401,2600640,0,0
216,144480,37243.4,126627086,10216662,37182838,4173458,47901209,144480,53850,7492802,10462129,1761232,53300,781223,2600640,0,0
217,144480,32118.3,109202390,9709686,32609895,2769852,37947085,144480,53483,7042973,9486283,1562771,53325,781799,2600640,0,0
218,144480,32679.0,111108054,9844496,33291662,2806132,38632194,144480,53749,7129033,9898101,1578684,53334,782282,2600640,0,0
219,144480,32304.4,109834586,9794686,33046949,2808332,38063548,144480,53880,7098176,9729301,1568918,53414,783365,2600640,0,0
220,144480,32210.3,109514544,9764256,32985172,2789361,37920910,144480,54050,7163897,9604137,1559090,53423,783698,2600640,0,0
221,144480,32238.1,109608996,9761434,32909155,2781049,38085354,144480,53606,7099666,9564477,1558402,53469,784409,2600640,0,0
222,144480,32342.0,109962188,9741850,33059621,2799248,38152613,144480,53419,7270057,9696223,1554365,53493,784836,2600640,0,0
223,144480,37185.4,126429987,10027484,37852095,4104601,46964593,144480,53525,7781211,11125405,1873960,53503,784636,2600640,0,0
224,144480,47881.1,162794076,14013270,48560045,4941649,55974143,144480,53724,9617369,17014800,1946219,53540,785264,2600640,0,0
225,144480,41239.5,140213829,11286742,42327307,4643910,50970110,144480,53708,8960382,13027109,2073227,53602,786412,2600640,0,0
226,144480,32411.0,110196890,9804682,32917966,2816354,38169647,144480,53475,7130530,9643534,1555517,53673,787380,2600640,0,0
227,144480,32604.1,110853362,9805396,33217431,2832625,38405436,144480,53751,7178082,9805442,1601996,53685,787739,2600640,0,0
228,144480,35314.9,120068620,10600622,36444477,3186533,41257822,144480,53951,7605855,11416414,1662451,53719,788506,2600640,0,0
229,144480,32220.6,109549802,9701696,32782722,2796235,38165698,144480,53765,7078574,9606690,1563163,53779,789278,2600640,0,0
230,144480,32339.3,109953008,9781290,33059258,2893153,38009284,144480,53667,7048482,9707747,1575542,53829,790418,2600640,0,0
231,144480,36362.8,123633146,9853200,36468798,4077065,46495688,144480,53676,7576242,9996676,1696303,53836,790526,2600640,0,0
232,144480,36986.1,125752884,9938882,36859858,4164223,47718951,144480,53852,7390366,10227840,1732362,53847,791188,2600640,0,0
233,144480,32320.0,109887728,9776564,32879445,2809844,38086408,144480,53684,7037334,9663522,1555465,53845,791209,2600640,0,0
234,144480,32250.8,109652448,9774660,32904381,2788176,38040773,144480,53647,7087702,9560661,1580808,53869,791515,2600640,0,0
235,144480,33930.0,115361420,10130640,34982270,3180388,39803900,144480,53992,7507149,10533276,1682515,53865,791754,2600640,0,0
236,144480,36295.3,123403926,9841402,36442876,4029130,46310906,144480,53768,7323978,10395679,1692434,53937,792771,2600640,0,0
237,144480,33875.9,115177074,10279254,34687219,3032509,39901985,144480,53612,7394820,10349227,1692730,53952,792895,2600640,0,0
238,144480,32415.4,110211850,9773130,32935720,2858204,38450747,144480,53908,7014464,9677490,1575850,53958,793067,2600640,0,0
239,144480,32189.2,109443552,9712916,32727736,2778253,38110496,144480,53852,7039746,9596740,1553484,54003,793558,2600640,0,0
240,144480,32228.1,109575098,9804376,32998979,2792520,37890578,144480,53714,7109120,9797445,1557412,54020,793842,2600640,0,0
241,144480,32166.0,109363856,9728284,32868524,2776466,37772160,144480,53821,7101672,9656967,1575566,54060,794156,2600640,0,0
242,144480,36313.9,123467430,9923580,36262703,4058940,46621447,144480,53661,7342899,10087930,1678357,54069,794271,2600640,0,0
243,144480,36836.2,125242796,9879176,37059562,4164879,47328530,144480,53921,7401429,10324704,1739323,54095,794739,2600640,0,0
244,144480,32166.1,109364944,9738552,32916049,2797744,37873115,144480,53665,7063019,9743020,1552707,54107,794636,2600640,0,0
245,144480,32721.1,111251060,9884446,33475411,2853363,38394686,144480,53684,7230625,9889769,1593881,54143,795028,2600640,0,0
246,144480,32356.5,110011964,9778604,33116575,2796814,38211245,144480,53549,7170146,9747147,1592053,54170,795803,2600640,0,0
247,144480,36776.2,125038452,9851296,36985133,4044227,47191336,144480,53630,7378928,10482019,1785758,54201,796507,2600640,0,0
248,144480,43713.1,148624336,13118798,44139282,4593191,51405470,144480,53588,8698538,14773046,2074202,54208,796753,2600640,0,0
249,144480,36244.8,123231572,9932352,36653973,3831058,45614660,144480,53602,7607441,10621623,1808743,54210,797099,2600640,0,0
250,144480,32726.1,111268162,9952208,33291825,2823918,38572229,144480,53737,7172368,9798992,1582824,54253,797541,2600640,0,0
251,144480,32390.7,110127802,9891178,33003656,2790670,38216490,144480,53503,7113698,9767571,1574537,54278,798106,2600640,0,0
252,144480,32164.1,109357974,9738110,32843312,2787490,37991932,144480,53660,7157068,9596041,1576744,54343,799248,2600640,0,0
253,144480,33606.8,114262276,10086032,34312103,2981587,39503006,144480,53502,7331199,10258107,1638718,54362,799611,2600640,0,0
254,144480,32526.2,110588566,9847522,33385637,2801759,38191615,144480,53620,7340739,9680798,1572999,54397,799922,2600640,0,0
255,144480,33515.0,113950428,10006710,34656854,3091888,39279805,144480,53766,7495092,10330362,1680218,54377,799724,2600640,0,0
256,144480,32612.0,110880188,10026872,33285403,2827565,38398330,144480,53880,7165076,9812850,1599843,54383,799471,2600640,0,0
257,144480,52412.6,178198802,15066964,56289737,4985716,62004187,144480,53876,11136308,20220796,1972120,54377,799784,2600640,0,0
258,144480,43014.0,146247226,12569834,44321118,4307533,49944638,144480,53847,8835359,14990538,2019525,54398,799863,2600640,0,0
259,144480,37770.3,128418577,10144274,38398478,4118729,47487664,144480,53621,7950389,11413267,1856338,54411,799862,2600640,0,0
260,144480,36608.4,124468260,9895530,36775327,4063502,46978513,144480,53861,7476115,10229849,1742902,54461,800821,2600640,0,0
261,144480,33668.1,114470860,10165864,34435966,2926484,39528169,144480,53769,7293430,10432228,1608524,54534,801757,2600640,0,0
262,144480,32140.9,109278788,9731718,32858824,2747523,37773726,144480,53887,7014001,9661543,1558263,54527,801795,2600640,0,0
263,144480,32508.7,110529102,9947108,33155615,2796915,38331741,144480,53700,7161265,9773884,1574427,54534,801699,2600640,0,0
264,144480,36229.4,123179586,11076044,36818911,3345799,42638867,144480,53835,7644944,11323775,1637239,54574,802403,2600640,0,0
265,144480,32293.3,109796642,9801248,32993008,2807726,37935224,144480,53707,7108642,9634906,1607886,54580,802184,2600640,0,0
266,144480,32163.5,109355968,9686124,32835441,2761683,37809967,144480,53813,7088205,9530483,1575305,54581,802502,2600640,0,0
267,144480,32250.7,109651768,9732330,32823398,2772445,38174835,144480,53696,7116190,9623021,1558194,54577,802757,2600640,0,0
268,144480,32339.4,109953382,9779930,33082127,2823902,38017997,144480,53618,7085585,9706247,1565311,54597,803077,2600640,0,0
269,144480,32375.4,110076020,9820798,33038284,2861952,38156809,144480,54067,7080928,9712134,1595477,54646,803606,2600640,0,0
270,144480,32496.7,110488508,9824062,33069438,2831777,38323389,144480,53458,7147519,9731104,1556139,54682,804053,2600640,0,0
271,144480,32193.6,109457628,9865406,32784793,2764687,38006079,144480,53807,7076200,9604837,1556691,54712,804462,2600640,0,0
272,144480,32414.7,110208042,9940886,33133617,2780500,38122454,144480,53696,7145574,9707278,1571823,54702,804753,2600640,0,0
273,144480,32370.7,110059904,9767282,32993641,2796339,38230210,144480,53538,7082874,9718815,1571560,54718,805011,2600640,0,0
274,144480,32310.1,109853864,9797712,32884067,2787439,38025876,144480,53690,7080572,9575286,1556977,54710,804998,2600640,0,0
275,144480,32164.2,109358416,9732126,32747343,2776049,37767898,144480,53537,7100365,9550444,1552914,54734,805206,2600640,0,0
276,144480,33397.1,113549596,10022282,33985317,2928511,39651502,144480,53853,7254541,10153852,1601584,54838,806319,2600640,0,0
277,144480,34851.7,118494280,10397846,35750432,3126518,40777018,144480,53690,7509453,10777635,1642543,54839,806536,2600640,0,0
278,144480,36525.8,124187587,10023472,36494219,4057223,46888354,144480,53680,7328568,10130401,1716675,54884,806904,2600640,0,0
279,144480,32394.4,110140314,9822260,33100337,2787799,38190821,144480,53843,7111328,9759839,1559650,54873,806381,2600640,0,0
280,144480,32304.4,109834212,9724816,33160911,2781379,37967890,144480,53689,7195220,9805064,1577475,54892,807079,2600640,0,0
281,144480,32376.1,110078032,9750044,33013258,2838372,38271077,144480,53758,7066930,9742654,1561111,54917,807423,2600640,0,0
282,144480,32855.2,111707408,9986202,33433096,2834266,38736669,144480,53811,7187419,9857209,1591510,54947,808393,2600640,0,0
283,144480,32373.7,110069798,9796794,32953842,2790739,38237252,144480,53896,7096663,9704843,1558905,54916,807491,2600640,0,0
284,144480,32503.9,110513056,9822872,33136051,2801851,38249341,144480,53854,7189303,9742819,1570018,54945,807877,2600640,0,0
285,144480,32432.8,110270874,9849086,33130029,2807348,38182640,144480,53579,7113101,9823537,1571088,54972,808087,2600640,0,0
286,144480,32582.4,110779548,9878938,33349404,2834061,38287847,144480,53736,7132979,9903928,1600855,54988,808746,2600640,0,0
287,144480,37223.7,126560348,10084474,37616473,4157766,47535836,144480,53670,7774862,10509533,1789041,55025,809444,2600640,0,0
288,144480,33571.4,114142046,10116122,34224022,2951116,39534959,144480,53534,7297848,10139555,1611202,55050,809425,2600640,0,0
289,144480,36609.9,124473493,9908620,36738448,4032153,46886974,144480,53743,7343787,10313144,1843648,55077,809636,2600640,0,0
290,144480,32612.2,110880868,9804580,33493190,2784614,38355411,144480,53707,7178379,9914894,1618152,55120,810318,2600640,0,0
291,144480,37021.4,125872188,10093240,36885531,4278896,47266778,144480,53979,7491164,10347479,1747410,55130,810706,2600640,0,0
292,144480,37203.9,126492688,10147810,37661108,3983174,46898964,144480,53898,7729256,10855046,1882249,55128,810802,2600640,0,0
293,144480,36468.0,123990980,10004126,36546024,4010994,46386273,144480,53917,7375453,10351850,1733277,55154,810991,2600640,0,0
294,144480,32497.0,110489324,9839124,33309879,2798011,38136933,144480,53862,7099501,9801286,1570921,55144,811182,2600640,0,0
295,144480,36804.4,125134490,9998182,36962918,4009606,46986339,144480,53545,7460687,10438561,1778275,55176,811580,2600640,0,0
296,144480,32776.7,111440882,9906512,33427732,2848510,38505665,144480,53764,7223658,9776080,1588314,55197,812183,2600640,0,0
297,144480,32637.0,110965336,9895032,33428295,2828382,38334188,144480,53765,7120165,9788153,1830095,55259,812850,2600640,0,0
298,144480,32261.7,109688930,9819710,32970649,2793072,37980513,144480,53773,7072006,9600499,1567684,55285,813594,2600640,0,0
299,144480,34228.5,116376152,10351606,34890574,3115107,40280514,144480,53775,7396433,10643026,1621580,55316,813690,2600640,0,0
300,144480,33243.5,113024192,9913210,33767979,2877422,39642162,144480,53384,7271015,10046729,1614134,55352,814310,2600640,0,11958040267600208660
301,144480,36172.8,122985891,10052202,37449161,3652340,44127163,144480,53522,7861870,11302964,1922233,55387,814837,2600640,0,0
302,144480,36422.7,123836642,9994164,36748850,3873889,45807476,144480,53884,7514208,10665477,1760873,55400,815289,2600640,0,0
303,144480,32462.8,110372908,9811618,33392968,2786917,38080363,144480,53922,7142971,9892578,1575497,55455,816078,2600640,0,0
304,144480,32628.9,110937644,9909062,33380753,2806378,38231069,144480,53789,7128691,9741492,1804004,55466,816027,2600640,0,0
305,144480,32452.7,110339158,9846808,33156435,2796849,38150694,144480,53639,7123811,9697340,1573958,55481,816235,2600640,0,0
306,144480,32657.5,111034820,9886554,33421942,2843957,38339880,144480,53890,7232429,9863681,1611028,55528,816779,2600640,0,0
307,144480,34351.1,116793468,10389788,35382127,3041297,40145844,144480,54009,7579383,10692901,1639712,55554,816959,2600640,0,0
308,144480,38942.3,132403582,11680800,39516942,3740201,45518326,144480,53723,8042125,12874037,1811671,55580,817605,2600640,0,0
309,144480,34358.4,116818084,10337462,35439481,3137840,40139414,144480,53909,7453818,10768712,1715659,55621,817669,2600640,0,0
310,144480,32989.5,112163552,9960130,33749627,2849001,38775463,144480,53852,7209145,10093298,1591046,55657,817890,2600640,0,0
311,144480,32742.5,111323900,9920656,33398309,2812410,38551671,144480,53700,7246015,9860988,1582716,55685,818888,2600640,0,0
312,144480,33444.8,113711884,10308058,34051983,2934095,39291701,144480,53958,7296837,10114094,1596925,55702,819280,2600640,0,0
313,144480,32882.6,111800568,9937520,33408027,2841213,38750976,144480,53764,7239098,9834063,1579820,55734,819258,2600640,0,0
314,144480,37801.9,128526092,10313934,38546528,4077864,47354827,144480,53665,8035207,11265975,1912157,55773,819811,2600640,0,0
315,144480,34195.9,116265784,10324916,35229775,3081684,39966543,144480,53988,7493881,10629954,1698101,55796,819830,2600640,0,0
316,144480,32401.7,110165406,9778536,33180650,2796362,38029995,144480,54013,7050369,9807712,1563217,55792,819905,2600640,0,0
317,144480,32289.3,109783416,9763202,32987588,2782125,37921213,144480,53648,7113691,9763533,1553273,55794,820029,2600640,0,0
318,144480,33726.3,114668984,10057336,34444618,3058071,39594452,144480,53840,7342027,10270377,1680309,55848,820675,2600640,0,0
319,144480,37233.6,126593974,10069304,37735396,4082984,47030348,144480,53891,7862163,10657506,1772303,55864,820958,2600640,0,0
320,144480,32771.1,111421228,9905866,33452053,2815556,38506344,144480,53795,7150131,9943132,1574374,55901,821309,2600640,0,0
321,144480,32747.1,111339596,9889682,33351142,2856004,38539151,144480,53828,7122725,9882965,1605243,55910,821668,2600640,0,0
322,144480,32258.6,109678764,9862278,32998186,2788522,37815460,144480,53457,7079219,9739075,1546845,55908,821781,2600640,0,0
323,144480,32758.2,111377300,9948196,33456297,2824869,38445852,144480,53561,7347888,9853936,1567096,55946,822277,2600640,0,0
324,144480,32432.4,110269344,9977436,33114452,2792220,38046403,144480,53696,7048899,9751757,1570233,55972,822385,2600640,0,0
325,144480,32460.4,110364850,9991172,33132479,2788057,38017716,144480,53546,7133929,9789178,1564725,56015,822912,2600640,0,0
326,144480,36268.0,123310730,9840416,36473131,3960739,46180602,144480,53790,7335028,10284671,1720654,56025,823383,2600640,0,0
327,144480,32327.7,109913704,9791490,32886914,2789398,38134472,144480,53661,7088468,9636608,1574910,55992,822909,2600640,0,0
328,144480,32607.2,110863868,9876796,33345622,2785411,38315874,144480,53668,7128705,9997330,1563921,56045,823469,2600640,0,0
329,144480,32617.5,110898786,9899270,33291611,2820269,38339173,144480,53686,7105181,9888950,1576974,56094,824359,2600640,0,0
330,144480,33114.6,112589028,10023336,33815065,2897721,38890028,144480,53728,7188922,10177069,1591481,56145,825275,2600640,0,0
331,144480,32574.0,110750954,9950950,33315902,2818155,38130390,144480,53739,7250563,9803223,1580141,56143,825617,2600640,0,0
332,144480,32515.9,110553550,9811686,33255170,2830069,38330125,144480,54029,7128203,9885102,1577618,56190,826023,2600640,0,0
333,144480,36689.3,124743706,9982570,36781850,3976910,46636230,144480,53863,7539369,10365995,1758535,56232,826264,2600640,0,0
334,144480,32677.0,111101324,9942314,33278923,2830985,38341526,144480,53653,7160984,9759214,1574116,56247,826570,2600640,0,0
335,144480,34050.4,115770884,10234748,35234230,3123963,39818427,144480,54347,7436522,10730373,1742287,56265,826703,2600640,0,0
336,144480,33649.9,114408840,10208262,34551841,2956615,39366361,144480,53517,7294371,10263132,1730688,56264,826838,2600640,0,0
337,144480,32374.6,110073198,9834670,33111492,2778321,37956211,144480,53690,7089702,9754249,1553791,56283,827129,2600640,0,0
338,144480,32223.6,109560376,9721518,32824877,2763642,37903090,144480,54020,7034231,9621519,1573123,56341,827914,2600640,0,0
339,144480,32279.6,109749926,9772314,33118424,2785423,37834776,144480,53747,7104640,9675935,1666681,56368,828461,2600640,0,0
340,144480,32358.2,110017234,9792986,32827877,2809208,38222635,144480,53301,7071332,9584863,1555545,56385,828715,2600640,0,0
341,144480,32427.1,110251630,9906818,33198560,2805061,37952366,144480,54008,7203337,9773464,1569616,56369,828554,2600640,0,0
342,144480,34367.3,116847154,10574272,35037833,3050128,40218999,144480,53771,7411807,10590393,1619493,56408,829336,2600640,0,0
343,144480,33101.0,112540918,9744944,34461192,2957018,38977998,144480,53660,7230136,10526448,1742761,56433,829958,2600640,0,0
344,144480,47440.7,161294952,13305804,51084501,5039266,55610932,144480,53886,11166542,17066738,2780229,56463,830153,2600640,0,0
345,144480,32541.4,110640216,9861666,33162011,2793501,38262988,144480,53728,7081645,9691110,1689371,56499,830247,2600640,0,0
346,144480,32302.3,109827650,9920860,32965182,2790684,37803403,144480,53605,7108596,9663028,1578075,56497,830399,2600640,0,0
347,144480,32284.3,109766348,9788022,32805366,2798888,37924882,144480,53513,7064270,9557511,1569077,56488,830429,2600640,0,0
348,144480,32207.1,109504106,9770750,32854310,2895238,37748802,144480,53652,7084410,9650011,1556964,56503,830758,2600640,0,0
349,144480,33954.6,115445164,10314444,34495525,3021955,39781527,144480,53620,7301967,10439565,1615514,56524,831312,2600640,0,0
350,144480,32522.6,110576194,9829638,33292396,2820160,38162301,144480,53767,7067241,9792975,1594798,56549,831567,2600640,0,0
351,144480,32654.7,111025538,9857790,33245765,2839874,38528990,144480,53624,7151012,9811500,1565207,56591,832261,2600640,0,0
352,144480,36801.0,125123400,9981822,36851485,4017315,47068790,144480,53682,7524311,10345654,1700409,56633,832548,2600640,0,0
353,144480,34737.0,118105188,10175418,35204083,3622676,41626344,144480,53498,7432949,10318395,1643817,56654,832800,2600640,0,0
354,144480,51427.0,174849046,15025756,52264358,5412889,60018780,144480,53844,9938427,18887697,2051988,56687,833066,2600640,0,0
355,144480,32869.8,111756470,9898080,33632294,2832009,38482753,144480,53636,7273160,9953319,1627158,56709,833851,2600640,0,0
356,144480,32347.1,109980140,9757898,33055689,2771593,38041027,144480,53967,7142323,9775727,1558104,56698,833523,2600640,0,0
357,144480,32394.2,110139600,9786186,32981375,2780664,38157037,144480,53656,7092751,9697176,1557261,56765,834466,2600640,0,0
358,144480,32440.6,110297598,9919908,33132823,2755194,38043189,144480,53626,7056677,9794954,1576348,56769,835217,2600640,0,0
359,144480,36385.8,123711352,9947244,36395292,3983647,46407131,144480,53781,7328733,10135788,1706263,56761,835392,2600640,0,0
360,144480,36550.6,124271774,9998516,36936156,3956111,46114916,144480,53607,7427382,10562813,1762709,56776,835784,2600640,0,0
361,144480,36933.5,125573532,9907906,37089380,4047153,47335464,144480,53837,7423644,10562845,1742862,56775,835577,2600640,0,0
362,144480,32916.1,111914196,10053392,33392993,2859684,38781733,144480,53672,7108942,9912860,1577963,56787,836055,2600640,0,0
363,144480,39889.4,135623524,10800412,40829081,4358081,49707223,144480,53733,8394459,12436081,2054630,56818,836694,2600640,0,0
364,144480,32678.4,111105812,9808422,33613427,2837933,38343914,144480,53813,7107378,9840049,1584849,56831,836944,2600640,0,0
365,144480,38777.3,131842072,11624090,39658453,3641411,45097609,144480,53591,8083718,12857962,1782558,56869,837419,2600640,0,0
366,144480,32480.6,110433666,9843136,33191895,2791489,38094472,144480,53878,7143059,9815356,1599366,56933,838241,2600640,0,0
367,144480,32405.0,110176320,9834398,33030575,2804078,37970874,144480,53668,7156430,9701972,1557038,57003,839019,2600640,0,0
368,144480,32404.0,110172682,9805090,33192021,2782404,38033283,144480,53723,7108639,9724419,1564638,57018,838844,2600640,0,0
369,144480,32518.8,110563376,9862346,33159899,2818538,38203385,144480,53762,7171242,9665554,1599277,57039,838984,2600640,0,0
370,144480,32383.1,110102540,9821614,33219339,2777085,37797989,144480,53797,7083943,9660984,1770821,57036,839053,2600640,0,0
371,144480,36551.3,124273690,9961932,36646292,3933105,46651660,144480,53609,7361291,10289750,1746172,57060,839958,2600640,0,0
372,144480,32461.4,110368046,9809918,33064310,2798823,38167943,144480,53739,7102290,9732876,1584246,57058,839537,2600640,0,0
373,144480,32398.8,110155852,9874042,33014789,2772855,37942298,144480,53568,7126608,9730252,1558314,57084,840056,2600640,0,0
374,144480,36081.2,122676114,9888968,36026469,3882081,45923765,144480,53212,7313873,10072124,1667862,57077,840166,2600640,0,0
375,144480,53865.5,183140150,16076968,55877857,5808760,61782039,144480,53564,10682559,20108932,2232534,57139,841012,2600640,0,0
376,144480,33311.0,113253150,9918616,34750054,2803216,38883027,144480,53644,7547939,10545546,1737862,57163,841758,2600640,0,0
377,144480,36651.5,124610680,10557612,39526012,3044257,42531436,144480,53652,8363671,12807688,2013042,57178,841820,2600640,0,0
378,144480,48441.9,164698516,14046012,53265824,4499791,56572365,144480,53897,10735090,18766725,2097778,57196,842376,2600640,0,0
379,144480,41028.5,139496120,11614332,42057761,4306845,49500611,144480,53623,8701633,13453246,2038446,57207,842493,2600640,0,0
380,144480,34125.2,116025342,10207242,34989302,2963841,40195009,144480,53711,7480074,10506580,1659457,57264,843434,2600640,0,0
381,144480,36262.7,123292908,10041696,36441780,3776114,45341795,144480,53691,7432239,10628245,1702645,57287,843792,2600640,0,0
382,144480,34952.4,118837718,10339094,36201145,3190737,41029707,144480,53603,7961485,10735164,1747909,57320,844588,2600640,0,0
383,144480,54838.0,186447194,16127934,58485007,5372052,64591020,144480,53530,11309114,21267674,2050448,57359,845029,2600640,0,0
384,144480,50677.4,172300548,14884622,52626275,5171110,58629181,144480,53726,9915718,19299404,2020655,57388,845558,2600640,0,0
385,144480,33349.0,113385852,10252564,33979196,2913637,38904132,144480,53892,7178373,10208900,1616704,57406,845491,2600640,0,0
386,144480,41173.0,139985820,12182778,42771063,3909138,48177303,144480,53990,8713834,14281619,1817499,57407,845367,2600640,0,0
387,144480,37426.7,127250584,10149374,38065979,4046856,47266589,144480,53798,7608299,11017217,1826385,57416,845492,2600640,0,0
388,144480,32889.1,111822464,9923648,33690867,2841591,38637058,144480,53609,7285853,9982071,1581915,57420,845590,2600640,0,0
389,144480,32549.1,110666328,9897808,33005853,2863993,38272158,144480,53513,7102014,9650601,1566572,57412,845752,2600640,0,0
390,144480,32741.4,111320286,10101536,33207103,2816813,38235343,144480,53641,7089123,9796068,1570725,57430,845939,2600640,0,0
391,144480,32876.1,111778434,9949488,33653731,2899852,38449062,144480,53834,7149493,9944763,1598232,57463,846079,2600640,0,0
392,144480,32761.9,111390188,9892708,33491400,2853366,38454308,144480,53950,7110242,9963488,1600396,57511,847126,2600640,0,0
393,144480,36747.4,124940454,10001202,37283466,3925184,46214774,144480,53649,7722399,10718746,1768044,57525,847493,2600640,0,0
394,144480,32777.4,111442650,9897876,33491338,2832258,38519331,144480,53686,7128704,9974135,1572928,57523,847481,2600640,0,0
395,144480,32553.6,110682104,9851262,33222361,2819153,38077148,144480,53934,7092983,9758368,1580290,57564,848156,2600640,0,0
396,144480,32909.4,111891076,9957648,33633116,2820842,38626050,144480,53632,7319238,9903674,1608349,57566,848006,2600640,0,0
397,144480,35226.3,119769114,10115000,35519405,3576642,43244787,144480,53855,7327615,10143273,1645850,57587,848164,2600640,0,0
398,144480,33238.6,113010596,10036494,33991975,2925428,38788790,144480,53547,7225514,10256690,1579598,57608,848792,2600640,0,0
399,144480,32293.4,109782294,9957750,32825609,2761637,37778219,144480,53447,7115046,9541829,1551703,57596,848772,2600640,0,0
400,144480,32498.5,110494424,9846230,33270902,2799265,38049102,144480,53835,7061983,9781632,1572966,57582,848929,2600640,0,12213242257682058640
