frame,particulas,parede_us,cic_total,cic_vizinhanca,cic_transicao,cic_update,cic_movimento,tp_portao_visto,tp_portao_passou,cic_tp_conveccao,cic_tp_calor,cic_tp_mudanca,conf_particulas,conf_celulas,conf_marcas
1,144480,22208.2,75507200,9308554,27536478,2803305,14173358,144480,53393,4109360,9032193,1459225,8428,75852,2600640
2,144480,24283.1,82560228,9224268,27926058,2862198,20670302,144480,53847,4218321,9125875,1478264,8540,76860,2600640
3,144480,34429.8,117060538,8938464,29767286,3209606,53397552,144480,53773,4446740,9352834,1481323,10733,102958,2600640
4,144480,24402.8,82969044,9176430,28668863,2798540,20553026,144480,53616,4539933,9265088,1491525,10706,107166,2600640
5,144480,33800.4,114919796,9050596,28849523,2829756,51850665,144480,53567,4704808,9030745,1676590,14996,161467,2600640
6,144480,30357.5,103214616,9236338,29444029,2779623,39524417,144480,53545,5094099,9109105,1622074,18155,204579,2600640
7,144480,29455.7,100148870,9140186,29050130,2799937,36627001,144480,53659,5002253,9162109,1551269,17875,205493,2600640
8,144480,30760.6,104582844,9128422,30228883,2936094,38641569,144480,53673,5141214,9637528,1597291,19998,234579,2600640
9,144480,30677.7,104302718,9545670,30043041,2882914,38507605,144480,53792,5313392,9395589,1565279,21173,254197,2600640
10,144480,30989.6,105363076,9889036,30989751,2888178,37749035,144480,53418,5910834,9435325,1544097,21719,262654,2600640
11,144480,30984.9,105344883,9396172,30964910,3112718,37891766,144480,53731,5793926,9431621,1655508,23525,290926,2600640
12,144480,30007.6,102024718,9103738,29722000,2815185,37381516,144480,53683,5522569,9236103,1515459,24431,307843,2600640
13,144480,30011.2,102035564,9252726,29797796,2809892,37059978,144480,53598,5443234,9219318,1519024,25235,320191,2600640
14,144480,30556.2,103888802,9179898,30529164,2832977,37894527,144480,53605,5799734,9535179,1590763,26375,338384,2600640
15,144480,30461.5,103566689,9170038,30661264,2969981,37456230,144480,53752,5581468,9732056,1686410,27385,354909,2600640
16,144480,30911.5,105098352,9058246,30958662,2834739,38085004,144480,53750,5549758,9522111,1925986,28311,368393,2600640
17,144480,31425.0,106840985,9853979,30787396,2817527,39164370,144480,53658,5816966,9711799,1615179,29108,383244,2600640
18,144480,31117.9,105799228,10261710,30756252,2798788,38027501,144480,53761,5678192,9827451,1528287,30201,398296,2600640
19,144480,30318.3,103081948,9229606,30278790,2826346,37483332,144480,53742,5696685,9381135,1508257,30760,408232,2600640
20,144480,31112.9,105781548,9274724,31587363,2840936,38242231,144480,53907,5984121,9868411,1646865,31249,418081,2600640
21,144480,30509.8,103732606,9334666,30383199,2829230,37734245,144480,53446,5800454,9460837,1515865,31962,429091,2600640
22,144480,31261.3,106285020,9286624,30759477,2936666,39076211,144480,53561,6037388,9302003,1516973,32714,439687,2600640
23,144480,30974.7,105311495,9094354,31257020,2972386,38022456,144480,53666,5995469,9360097,1719509,33063,446303,2600640
24,144480,30799.1,104716668,9201522,30915499,2893435,38094640,144480,53635,5936492,9730857,1601787,33545,453681,2600640
25,144480,31032.3,105508528,9772722,30565249,2823306,37962707,144480,53760,6091987,9286737,1517000,33965,460979,2600640
26,144480,31073.4,105648166,9224404,30868142,2874769,38548074,144480,54072,5902258,9726220,1569678,34271,466323,2600640
27,144480,31431.8,106866726,9502762,31412160,2867011,38637630,144480,53618,6150974,9646632,1594643,34678,472993,2600640
28,144480,30956.1,105248156,9398926,30888393,2842955,37753399,144480,54006,5919723,9535481,1576673,35037,478749,2600640
29,144480,30992.3,105371032,9201284,30847094,2868443,38830004,144480,53599,5893795,9347383,1901978,35273,483652,2600640
30,144480,30467.6,103589602,9467164,30246676,2831132,37583791,144480,53773,5940100,9261990,1489758,35455,487325,2600640
31,144480,30642.3,104183412,9298218,30552442,2876513,37605036,144480,53770,6120561,9320297,1529997,35689,491407,2600640
32,144480,30997.1,105387964,9355474,31316090,2959021,38213466,144480,53856,6344552,9470070,1511145,35960,496977,2600640
33,144480,31077.4,105657244,9155112,30917034,3159884,38281966,144480,53661,5973185,9488374,1550972,36149,500294,2600640
34,144480,30966.4,105283040,9177722,30840747,2848661,38198115,144480,53849,6062566,9552457,1564135,36445,505544,2600640
35,144480,30799.8,104718538,9299918,30974370,2811196,37772565,144480,53887,6067308,9413721,1528289,36642,508362,2600640
36,144480,31430.8,106860399,9216244,31701124,2829057,39174804,144480,53765,6347662,9981875,1608066,36823,511451,2600640
37,144480,31033.8,105514376,9541386,31082288,2821700,38207909,144480,53737,6136019,9507044,1550083,37134,516691,2600640
38,144480,31656.5,107628425,9213796,31504386,2839695,39174231,144480,53660,6143036,9733073,1607789,37305,519295,2600640
39,144480,31744.4,107930008,9385428,31852019,3088266,38863483,144480,53675,6094774,9796465,1608787,37484,523264,2600640
40,144480,30857.8,104914684,9183536,31078728,3029106,37893572,144480,53895,6014899,9598745,1514392,37670,526942,2600640
41,144480,31601.6,107444488,9565934,31471037,2798602,38652483,144480,53694,6394661,9682898,1576485,37884,529464,2600640
42,144480,30759.8,104582742,9165618,30815790,2840193,38068209,144480,53739,5972219,9449554,1508832,38072,532577,2600640
43,144480,31318.0,106480996,9256092,31265084,2816958,38747252,144480,53566,6397396,9657853,1564375,38261,536498,2600640
44,144480,31295.1,106400450,9536082,31394366,2818768,38443503,144480,53694,6087027,9762513,1589294,38494,540290,2600640
45,144480,31128.1,105834010,9392126,31307963,2831836,38377460,144480,53932,6146442,9734119,1615304,38743,543603,2600640
46,144480,31894.1,108437047,9497866,31931133,2838728,39596624,144480,53674,6191182,9863888,1773547,38946,546520,2600640
47,144480,31401.4,106762649,9295192,31289327,2834806,39000903,144480,53335,6070467,9680134,1565656,39120,549101,2600640
48,144480,31648.8,107602893,9409568,31884060,2816928,39087504,144480,53648,6294515,9977919,1675405,39352,552286,2600640
49,144480,31172.2,105983780,9225934,31188481,2809271,38600997,144480,53591,6157548,9624207,1582490,39507,555251,2600640
50,144480,35364.5,120236549,10348410,36191693,3235649,43185684,144480,53705,7512690,11562628,1712396,39729,559216,2600640
51,144480,31374.3,106669866,9477670,31720533,2825840,38403994,144480,53811,6192301,9917059,1603893,39805,561224,2600640
52,144480,31441.5,106898003,9526596,31563005,2831823,39087544,144480,53863,6308804,9628264,1527530,40000,564445,2600640
53,144480,31139.5,105873008,9210430,30814575,2839021,38651591,144480,53874,6135561,9430573,1529179,40122,566944,2600640
54,144480,31404.5,106772070,10139344,31222304,2836855,38526700,144480,53554,6249816,9714321,1508883,40276,569543,2600640
55,144480,32058.8,108996789,9524488,32510075,2842340,39238725,144480,53883,6442529,10010451,1809678,40447,571483,2600640
56,144480,32299.3,109814965,9506264,32653111,2821323,40430509,144480,53599,6695716,10368100,1666203,40708,575235,2600640
57,144480,31383.1,106702370,9219882,31568988,2813631,39079005,144480,53709,6173151,9793156,1891809,40884,578336,2600640
58,144480,31015.8,105451102,9225084,30863994,2813547,38445481,144480,53651,6136795,9407498,1514117,41080,581058,2600640
59,144480,31487.0,107054199,9376146,31500422,2806956,39349792,144480,53700,6292090,9813016,1602547,41161,583393,2600640
60,144480,30939.5,105193891,9188024,30878553,2805265,38394242,144480,53638,6163415,9365894,1500829,41376,586453,2600640
61,144480,31532.2,107207746,9492460,31907145,2823755,38750232,144480,53690,6535370,9579993,1569671,41531,588187,2600640
62,144480,32011.3,108835870,10040744,32370247,2966374,39245601,144480,53910,6523406,9615967,1598648,41646,590660,2600640
63,144480,32327.3,109909621,9680038,33145880,2828409,39340870,144480,53981,6449566,10855865,1638399,41816,593942,2600640
64,144480,32689.4,111141679,9326166,33249901,2835376,40310862,144480,53917,6481264,10383043,1763000,41989,596277,2600640
65,144480,32478.9,110426526,9673782,32685488,2831244,39566439,144480,54093,6649271,10185513,1798070,42175,597930,2600640
66,144480,31479.1,107025744,9426670,32001370,3056803,38330479,144480,53796,6501045,10043913,1610226,42221,598926,2600640
67,144480,31645.6,107592388,9540128,31820840,2861165,39033202,144480,53721,6484737,9762022,1661936,42452,602023,2600640
68,144480,32020.6,108866977,10043702,32023505,2822291,39202880,144480,53985,6491655,9958469,1527353,42530,603734,2600640
69,144480,31293.9,106399532,9319094,31665326,2813923,38335025,144480,53540,6479533,9587575,1557608,42704,606965,2600640
70,144480,31317.0,106476168,9280266,31222721,2826803,39014446,144480,53867,6291560,9578197,1536006,42819,609170,2600640
71,144480,32133.9,109254376,9589530,32954441,2825895,39069445,144480,53567,6499161,10469944,1610357,42888,610847,2600640
72,144480,31394.4,106738750,9368802,31192252,2851120,38957855,144480,53453,6336862,9525938,1538464,42994,612647,2600640
73,144480,33706.3,114601420,9693876,32218321,3648710,43586227,144480,53927,6410069,9864868,1572151,43177,615290,2600640
74,144480,32061.2,109007672,9784180,31820486,2929824,39610401,144480,53617,6457287,9645442,1526496,43381,617536,2600640
75,144480,32208.9,109510056,9721858,32069808,2949271,39839536,144480,53844,6483634,9759582,1539258,43504,619443,2600640
76,144480,32157.7,109336010,9643352,32171862,2941813,39661121,144480,54003,6498929,9913418,1536325,43636,620585,2600640
77,144480,32826.9,111610780,9877714,32703095,3040963,40481548,144480,53862,6631497,9971817,1559735,43771,624440,2600640
78,144480,32254.9,109666184,9755654,32053259,2950023,39828054,144480,53909,6537655,9721717,1554417,43924,625763,2600640
79,144480,32425.4,110246122,9631010,32345775,2984965,40186663,144480,53836,6592455,9808749,1538622,44110,628148,2600640
80,144480,40094.5,136321374,10634010,39353965,4507150,52125066,144480,53785,8569574,12362287,2125068,44206,630502,2600640
81,144480,36554.0,124279653,10473357,37765858,3251171,45336999,144480,53641,8015466,12220693,1913944,44290,632088,2600640
82,144480,40849.9,138887042,11623954,40737705,4369968,50325028,144480,53518,8066148,13652599,1907731,44352,633379,2600640
83,144480,37590.3,127806411,10014054,35260073,4399508,49733827,144480,53912,7106677,10791640,1751655,44498,635275,2600640
84,144480,32427.5,110253262,9637402,32159408,2976357,40227161,144480,53283,6664462,9706003,1527729,44666,637630,2600640
85,144480,32530.0,110601486,9684730,32528534,2977979,40076192,144480,53858,6688457,9955912,1545872,44809,640226,2600640
86,144480,32913.4,111905186,9764698,32769557,3021335,40689016,144480,53800,6585704,10192444,1557008,44884,641985,2600640
87,144480,32437.6,110287840,9669838,32367066,2951711,40019395,144480,53895,6684298,9829769,1553448,44972,643601,2600640
88,144480,32661.5,111048620,9828890,32450924,2994161,40332914,144480,53488,6619406,9926837,1548530,45065,645366,2600640
89,144480,36708.2,124807778,9871084,33868451,4523959,49078969,144480,53902,6720849,10466275,1610574,45183,647559,2600640
90,144480,32351.1,109993332,9667628,32176123,2951462,39879750,144480,53607,6540080,9772356,1537297,45310,649143,2600640
91,144480,32329.7,109920334,9775136,32136469,2966666,39909346,144480,53769,6615641,9745266,1540123,45511,652287,2600640
92,144480,32488.8,110461444,9703396,32360092,2951936,40306682,144480,53890,6602731,9821580,1542885,45643,655222,2600640
93,144480,32357.9,110016792,9658210,32139689,2953514,39966401,144480,53603,6594141,9723401,1535592,45638,655211,2600640
94,144480,36614.9,124490564,9924090,34429742,4252763,48507122,144480,53707,6939016,10606748,1685445,45750,657498,2600640
95,144480,32468.2,110391336,9679868,32220473,3071060,40102508,144480,53656,6575066,9824626,1543046,45889,659638,2600640
96,144480,32483.0,110442064,9682588,32350188,2955088,40116969,144480,53849,6653609,9870041,1543933,46035,661562,2600640
97,144480,32696.8,111168814,9753002,32495781,3002859,40440879,144480,53692,6706001,9890050,1548777,46104,663492,2600640
98,144480,32315.0,109870864,9862482,32058096,2942415,39903303,144480,53558,6574638,9726736,1532123,46204,665433,2600640
99,144480,32229.7,109580606,9630126,32029195,2953645,39860098,144480,53533,6602189,9672229,1535900,46285,666331,2600640
100,144480,32587.6,110797330,9924600,32685469,2950817,40026718,144480,53790,6718582,10119785,1557518,46447,668579,2600640
101,144480,39806.4,135341321,10480738,38269846,4730368,52489525,144480,53991,7963874,11886958,2006991,46587,670852,2600640
102,144480,36758.8,124979552,9898256,34158159,4524702,48934459,144480,53832,6817602,10606401,1635666,46699,673043,2600640
103,144480,36979.7,125730544,9869146,34121888,4620676,49442276,144480,53729,6801583,10485815,1631455,46771,674013,2600640
104,144480,32981.5,112136828,9811278,32710201,3088580,40782731,144480,53571,6727946,9999274,1554871,46818,674485,2600640
105,144480,57352.9,194996901,14773850,63085867,6330027,71999592,144480,54073,14835670,20942921,3807947,46931,676067,2600640
106,144480,49283.9,167562302,14172008,51143116,5102201,60166555,144480,53786,10049910,18522170,2138114,47103,678691,2600640
107,144480,33998.4,115594356,10111702,33821951,3284606,41746104,144480,53631,6994084,10412222,1593913,47222,680593,2600640
108,144480,33166.3,112764808,9874688,33058346,3033224,41013751,144480,53775,6841006,10064476,1663550,47310,681594,2600640
109,144480,38067.2,129428622,10169230,35534686,4472212,50747719,144480,53824,7205591,10955101,1732848,47435,683117,2600640
110,144480,32688.2,111139064,9738552,32477530,3089735,40313928,144480,53471,6730961,9806833,1541111,47540,685288,2600640
111,144480,32429.1,110258702,9676128,32397184,2945860,39954320,144480,53801,6691663,9771040,1652567,47600,685984,2600640
112,144480,32666.9,111066950,9717302,32514154,2996899,40416445,144480,53872,6725090,9928522,1549954,47687,687638,2600640
113,144480,32838.3,111649750,9759462,32803606,3004843,40502540,144480,53451,6824947,9885400,1558414,47760,689212,2600640
114,144480,33816.7,114976678,9740388,33002256,3414967,42427768,144480,53722,6749029,10073173,1554122,47866,690999,2600640
115,144480,37386.3,127112998,10002494,34602096,4452738,49927655,144480,53595,7005432,10620898,1684648,47967,691576,2600640
116,144480,32565.0,110720422,9705130,32363443,2953241,40024214,144480,53591,6700501,9780015,1560505,48076,693761,2600640
117,144480,32910.6,111895496,9909232,32871368,2988264,40564209,144480,53426,6788332,10180238,1536112,48145,695585,2600640
118,144480,36850.4,125290751,9821376,34226914,4380045,49370172,144480,53512,6903243,10547399,1637580,48207,696130,2600640
119,144480,33457.0,113753052,9984882,33327291,3080908,41179928,144480,53373,6890558,10197107,1574378,48311,697668,2600640
120,144480,32698.5,111174560,9746576,32631117,2955826,40308681,144480,53694,6730278,9878995,1552898,48364,698756,2600640
121,144480,33866.2,115145080,10156786,33959386,3146405,41490094,144480,53706,7069481,10451635,1658675,48421,700104,2600640
122,144480,38549.9,131069153,10174160,36473650,4442676,50656700,144480,53580,7699786,11168799,1885223,48481,700851,2600640
123,144480,32655.3,111027136,9807572,32597561,2970713,40108027,144480,53680,6815484,9872250,1569348,48574,701697,2600640
124,144480,32670.2,111078142,9737464,32670112,2979441,40204928,144480,53886,6778665,9972400,1546242,48670,704037,2600640
125,144480,32996.6,112188168,9808150,33009291,3009334,40585968,144480,53707,6825615,10175518,1559024,48709,704122,2600640
126,144480,37325.8,126907244,9896890,34827015,4372754,49860907,144480,53487,7141403,10705298,1692090,48849,706053,2600640
127,144480,32617.6,110899398,9725904,32623516,2970018,40052300,144480,53900,6733487,10011007,1569256,48979,707702,2600640
128,144480,37449.7,127329016,9968256,34832342,4493592,49842412,144480,53774,7111831,10641627,1656894,49033,708850,2600640
129,144480,37434.9,127278424,10037378,34993281,4355759,49766638,144480,53678,7118897,10829769,1705645,49071,709922,2600640
130,144480,38093.7,129518716,10355611,35727816,4394266,50427077,144480,53662,7455788,11004451,1781269,49164,711268,2600640
131,144480,33092.2,112513378,9750928,32925476,3189165,40739509,144480,53769,6808016,10019203,1616512,49237,712725,2600640
132,144480,32876.6,111780032,9930312,32712221,2992076,40427757,144480,53527,6834161,9928255,1546700,49279,713295,2600640
133,144480,32527.9,110595030,9719410,32476983,2941583,39978482,144480,53952,6773217,9839976,1563413,49362,715370,2600640
134,144480,38057.2,129394349,10221352,35610385,4509375,50514121,144480,53678,7417670,10845780,1755836,49440,715862,2600640
135,144480,32945.1,112012524,9766364,33306938,2967050,40248832,144480,53677,6900561,10382967,1611294,49519,717012,2600640
136,144480,32790.8,111488210,9858402,32755123,2991003,40219934,144480,53908,6810555,9971079,1551974,49589,718581,2600640
137,144480,32623.6,110920138,9741306,32517582,2957031,40038578,144480,53742,6795977,9859992,1577255,49671,719419,2600640
138,144480,33228.9,112977716,9956118,33066462,3044845,40772277,144480,53529,6949517,10072986,1552858,49751,720693,2600640
139,144480,54487.9,185255154,15510732,54238764,6233902,65830892,144480,53545,9889982,20410730,2049559,49797,722113,2600640
140,144480,59301.5,201621176,16155916,63959366,7032724,71332864,144480,53649,14354958,21535076,4358255,49837,722835,2600640
141,144480,40698.6,138371672,11285722,41384562,4394380,50395489,144480,53642,8617293,13498178,2329294,49907,723430,2600640
142,144480,34843.3,118466916,10393426,34777928,3291854,42678821,144480,53756,7238796,10831215,1631029,49921,724501,2600640
143,144480,32555.0,110686354,9745828,32549128,2947130,39909579,144480,53592,6853026,9837348,1532587,49931,724964,2600640
144,144480,32706.0,111200570,9927694,32710649,2966114,39969958,144480,53597,6859734,9910054,1574371,50012,726454,2600640
145,144480,32715.8,111233652,9821512,32713427,2983861,39954474,144480,53649,6789484,9877832,1542665,50047,727396,2600640
146,144480,33159.2,112740770,9864726,33029556,3015592,40864011,144480,53691,6929532,10055329,1555897,50112,728151,2600640
147,144480,36928.4,125556432,10109594,34407439,4287756,48749073,144480,53652,7056934,10561999,1665119,50184,729358,2600640
148,144480,37187.4,126436998,9942722,34739325,4352375,49364979,144480,53689,7187037,10614101,1665531,50209,730410,2600640
149,144480,36829.2,125219197,9880502,34561437,4273749,48819720,144480,53513,7116524,10524293,1651092,50271,731358,2600640
150,144480,33732.8,114691418,10046320,33733898,3052881,41338099,144480,53722,7090942,10265826,1612831,50296,731641,2600640
151,144480,32670.5,111079054,9733078,32563727,2958080,40082028,144480,53895,6811268,9892460,1550045,50297,731930,2600640
152,144480,32744.7,111331946,9821444,32583522,2959222,40116189,144480,53520,6861873,9841260,1539265,50368,732797,2600640
153,144480,32605.3,110857986,9716248,32578155,2948901,40070864,144480,53965,6835237,9899906,1545283,50404,733478,2600640
154,144480,32581.7,110777542,9740898,32629304,2977939,39843230,144480,53809,6775374,9858319,1543988,50490,734083,2600640
155,144480,32799.2,111517212,9911918,32710467,2982739,40191790,144480,53791,6836406,9919608,1544697,50533,734558,2600640
156,144480,35183.5,119623798,9791762,33494754,3917224,45327843,144480,53900,6822143,10294045,1583321,50539,735010,2600640
157,144480,32643.7,110988308,9768030,32647014,2953680,39953622,144480,53741,6759777,9915794,1539556,50598,736122,2600640
158,144480,37245.6,126634980,9856668,34764823,4307995,49803761,144480,53858,7039866,10775617,1684757,50656,736863,2600640
159,144480,37255.8,126669640,9889853,34939310,4295984,49605452,144480,53757,7091631,10775077,1703404,50676,738009,2600640
160,144480,32600.7,110842380,9709312,32632956,2976914,39909451,144480,53851,6776030,9894813,1546573,50751,738925,2600640
161,144480,32560.0,110703592,9719104,32654537,2948238,39838951,144480,53628,6796818,9834748,1535260,50835,740027,2600640
162,144480,33004.9,112216218,9953942,32990868,2997475,40321778,144480,53863,6859342,10026257,1551408,50877,740377,2600640
163,144480,34953.1,118836732,9974852,36593003,3053687,42443780,144480,53885,7896854,11736141,1930576,50980,742057,2600640
164,144480,61156.4,207928717,16005517,67358002,6940441,74372190,144480,53509,15291081,23471083,4091888,51032,742404,2600640
165,144480,37173.8,126390408,10659476,38464135,3795881,44873001,144480,53707,8173152,12351522,1935878,51041,743203,2600640
166,144480,33431.9,113667848,9924872,33433937,3091426,40886277,144480,53362,6930546,10212856,1566952,51073,743550,2600640
167,144480,32780.2,111452034,9809680,32756375,2950932,40244267,144480,53703,6962073,9897202,1559671,51090,744111,2600640
168,144480,32840.1,111656204,9818248,32791214,2976820,40170639,144480,53706,6851454,9966287,1543358,51166,745128,2600640
169,144480,33848.2,115083776,10139658,33923645,3210913,41398705,144480,53718,7052534,10502267,1626452,51266,746232,2600640
170,144480,37570.0,127737831,9988486,35662334,4344602,49431003,144480,53600,7306849,10928932,1806052,51308,747244,2600640
171,144480,57700.0,196176797,15511684,62252031,6637860,70552627,144480,53775,14775960,21179587,3413465,51363,747771,2600640
172,144480,43989.4,149561648,12990720,43946853,4591887,53251564,144480,53662,8506513,15375048,1882977,51415,748322,2600640
173,144480,55932.5,190169922,15684914,57575494,6425876,68077105,144480,53552,11743621,20494784,2817492,51472,750363,2600640
174,144480,32983.5,112143356,9875776,33216080,2989769,40096601,144480,53728,6932034,9977892,1566196,51499,750794,2600640
175,144480,32688.4,111140491,9792238,32632573,2952408,39979846,144480,53603,6820677,9869755,1566703,51546,751278,2600640
176,144480,32857.5,111715160,9872546,32955927,3006362,40012986,144480,53816,6872312,9965990,1578130,51636,752734,2600640
177,144480,37183.9,126424701,10328607,35060977,4099791,48970193,144480,53392,7278902,10823692,1714756,51671,752820,2600640
178,144480,46863.1,159334204,13735048,46584227,5335016,56908649,144480,53776,9445861,15902068,2034915,51705,753892,2600640
179,144480,32965.9,112083788,9991920,32866052,3029485,40120441,144480,53647,6852075,9964348,1575801,51792,754967,2600640
180,144480,53367.9,181450826,15594984,52594911,6090250,65049148,144480,53896,9819286,19091868,2073637,51823,755461,2600640
181,144480,33392.2,113533344,9997088,33431433,3015770,40901143,144480,53740,6927191,10185925,1713797,51860,755839,2600640
182,144480,58350.6,198391502,16110356,60558198,7013865,71796089,144480,53367,15056061,19431614,3499283,51920,756618,2600640
183,144480,40118.3,136398718,11689268,41209445,3900005,49526120,144480,53775,9220495,12960334,2181076,51938,757413,2600640
184,144480,34217.9,116337290,10007152,34151116,3556164,41963078,144480,53546,7206334,10562406,1702309,51966,758263,2600640
185,144480,34358.2,116813930,10190752,34159821,3275699,42514480,144480,53489,7171665,10290560,1798517,51998,759056,2600640
186,144480,55834.6,189837436,15836010,56390087,6691444,68005842,144480,53694,12119900,19409228,2686994,52043,759917,2600640
187,144480,38560.3,131101685,11405470,39502872,3607591,47101934,144480,53743,8820737,12365671,2012018,52099,761024,2600640
188,144480,58518.8,198963546,16227826,61649311,6781445,71613766,144480,53853,14235746,20833763,3487929,52122,761646,2600640
189,144480,38395.8,130545584,11499242,38080722,3731627,47045737,144480,53953,7678775,12305098,1713952,52156,762020,2600640
190,144480,44711.0,152017264,13264454,44523520,4668808,54022273,144480,53698,8804044,15472603,1858383,52184,762616,2600640
191,144480,55970.0,190294012,15627747,59855236,6728858,68071681,144480,53875,13926194,20444977,3408666,52264,763930,2600640
192,144480,46385.1,157709144,13384668,47327752,4684850,56146135,144480,53838,9581194,16363458,2094733,52306,764939,2600640
193,144480,33757.1,114773902,9934630,33648526,3264273,41216012,144480,53810,6986510,10342546,1659298,52379,765915,2600640
194,144480,37022.2,125874936,9932760,34544958,4268834,49195094,144480,53833,7084455,10535763,1650497,52360,765479,2600640
195,144480,36949.3,125627118,9947388,34437468,4242477,48973467,144480,53800,6970632,10546367,1637177,52393,765839,2600640
196,144480,32657.6,111035840,9788430,32709665,2949102,39825735,144480,53430,6772808,9972560,1579986,52437,766363,2600640
197,144480,32743.5,111327798,9872376,32633108,2966926,39747701,144480,53759,6786361,9932983,1550677,52504,767643,2600640
198,144480,32716.8,111236882,9877952,32669675,2984256,39849910,144480,53658,6789733,9948697,1543420,52548,768278,2600640
199,144480,32960.0,112063864,9883018,32921934,2980480,40185074,144480,53673,6850972,10086291,1549962,52620,769443,2600640
200,144480,33981.0,115535094,10145634,33966383,3155715,41398036,144480,53719,6971215,10393892,1582763,52661,770038,2600640
201,144480,37006.5,125822168,9825354,34651659,4194738,49166203,144480,53856,7132458,10582770,1650394,52709,770276,2600640
202,144480,32633.5,110953390,9749806,32747144,2940891,39584377,144480,53724,6729938,10011405,1650350,52711,770503,2600640
203,144480,32982.2,112139240,9886996,32861635,2979513,40050719,144480,53354,6928038,9942158,1543033,52772,771595,2600640
204,144480,36958.2,125657443,9834194,34458927,4219945,49153760,144480,53435,7011960,10533743,1635852,52803,772797,2600640
205,144480,33075.5,112456232,9879482,33241013,3001199,40159491,144480,54187,6853921,10122717,1575591,52840,773716,2600640
206,144480,33048.9,112366092,9894136,33157371,3020460,40254246,144480,53682,6927750,10035877,1558580,52849,774346,2600640
207,144480,37077.3,126062687,10077059,34599053,4213654,49072688,144480,53516,7012366,10650122,1668192,52924,774997,2600640
208,144480,34226.6,116370678,11324412,33765790,3069081,41510891,144480,53622,7055293,10412436,1621792,52972,775935,2600640
209,144480,33961.6,115468862,10028368,33719819,3165193,41774796,144480,53785,6901077,10410534,1615438,53023,776389,2600640
210,144480,32731.5,111286216,9749772,32801441,3065944,39759491,144480,53458,6800691,10019208,1569788,53040,776766,2600640
211,144480,32760.6,111385564,9840620,32983580,2980027,39718855,144480,53522,6794816,9972010,1545384,53056,777462,2600640
212,144480,32838.3,111649650,9803322,32885811,3006401,40075036,144480,53439,6925668,9927906,1545307,53082,777813,2600640
213,144480,34231.5,116386522,11654931,33971835,3061792,41250375,144480,53508,7166654,10437345,1621496,53106,778242,2600640
214,144480,33279.7,113150674,9875402,33824773,3018422,40178148,144480,53930,6953832,10573375,1706534,53157,779100,2600640
215,144480,32745.2,111333342,9797372,32698918,2970264,39951198,144480,53803,6733350,9944412,1570442,53209,780299,2600640
216,144480,32805.2,111537236,9806076,32908842,3098238,39775524,144480,53589,6832980,9946782,1543785,53239,781140,2600640
217,144480,32662.8,111053248,9785268,32856433,2974083,39650211,144480,53740,6894432,9939423,1546361,53275,781535,2600640
218,144480,37137.4,126266856,10011844,34411917,4248821,49436667,144480,53563,6927377,10518242,1626237,53271,782084,2600640
219,144480,32743.0,111325792,9797202,32715623,2954254,39984103,144480,53725,6752129,9950911,1568728,53292,782065,2600640
220,144480,32756.6,111372066,9810088,32707138,2949729,39919536,144480,53654,6826600,9932477,1563374,53371,783139,2600640
221,144480,32610.4,110875632,9770614,32542536,2994492,39600659,144480,53486,6755940,9841248,1541213,53403,783218,2600640
222,144480,32682.9,111121248,9893898,32706717,2964045,39650130,144480,53732,6738691,10043466,1543610,53454,784224,2600640
223,144480,32587.1,110795868,9736614,32807547,2939967,39519077,144480,53728,6862262,9881769,1574498,53455,784020,2600640
224,144480,32544.3,110650314,9832562,32570074,2956531,39592024,144480,53745,6722506,9867642,1555940,53479,784544,2600640
225,144480,37035.1,125919102,10014734,34707331,4178230,48922483,144480,53681,7022352,10707087,1656545,53495,784698,2600640
226,144480,37301.1,126823374,10065734,34958058,4171314,49427293,144480,53716,7019415,10841692,1725014,53529,785281,2600640
227,144480,37683.2,128122528,10049040,35607839,4244864,49551002,144480,53367,7201250,10943777,1843212,53569,785844,2600640
228,144480,37260.3,126684821,9938302,34883798,4229246,49434725,144480,53740,7037410,10786675,1690342,53609,786477,2600640
229,144480,32640.9,110978958,9812468,32731652,2926216,39722487,144480,53819,6743168,10062731,1549872,53578,786259,2600640
230,144480,34001.7,115605678,10106024,34181148,3199837,41234219,144480,53620,6936321,10648310,1601893,53620,787194,2600640
231,144480,32905.5,111878223,9862720,33018683,3012865,39902149,144480,53682,6848001,10202213,1552373,53643,787055,2600640
232,144480,37285.5,126770108,10162498,35021899,4228988,49052730,144480,53929,7095690,10820738,1752123,53701,788229,2600640
233,144480,33677.7,114504214,9858708,33096080,3198509,41746824,144480,54033,6800905,10131661,1579024,53761,789404,2600640
234,144480,32737.2,111306242,9821648,32704948,2990892,39787845,144480,53572,6809328,9940518,1545397,53772,790213,2600640
235,144480,32683.1,111122404,9791524,32876514,2945926,39660740,144480,53886,6739337,10043470,1552939,53823,790684,2600640
236,144480,32670.8,111080414,9767996,32697356,2982726,39654832,144480,53754,6766668,9975699,1547625,53813,790709,2600640
237,144480,32783.3,111462880,9930720,32898677,2951044,39821881,144480,53841,6876830,10002637,1576567,53827,791049,2600640
238,144480,32850.4,111690578,9991580,32796178,2971923,40031593,144480,53526,6757631,10033990,1576114,53845,791301,2600640
239,144480,37149.7,126308308,9953806,34400798,4278996,49497937,144480,53835,6892433,10568697,1634500,53871,791544,2600640
240,144480,32717.8,111240078,9823450,32786308,2946586,39821988,144480,53569,6735465,10111083,1574198,53897,792021,2600640
241,144480,32886.3,111812774,9951834,32930671,3038463,39905186,144480,53966,6874642,10040942,1549595,53959,792466,2600640
242,144480,34827.0,118411256,10444528,34816378,3269499,42404391,144480,53809,7177320,10835043,1626451,53980,792995,2600640
243,144480,54834.8,186435090,15431444,58196732,5776176,66205262,144480,53686,10761805,21896598,2039856,53978,793474,2600640
244,144480,39501.4,134303605,11249240,38875875,4198728,49460347,144480,53497,7772153,12819088,1830138,54000,793437,2600640
245,144480,36232.0,123188426,9860374,33928628,3972219,47800794,144480,53708,6900156,10363793,1595032,54026,794348,2600640
246,144480,32739.3,111312804,9961388,32786034,2951659,39635760,144480,53761,6817883,9983298,1549249,54038,794576,2600640
247,144480,37791.9,128492432,10156310,35666595,4193275,49598617,144480,53654,7242081,11231896,1708193,54049,794484,2600640
248,144480,33160.7,112746754,9929802,33092441,3137744,40414707,144480,53792,6812449,10164150,1567896,54077,794761,2600640
249,144480,54137.1,184066213,14396039,56665042,6590172,66572029,144480,53523,12976778,18018350,4381607,54089,795037,2600640
250,144480,37629.4,127939654,10262696,36287577,4077003,48931253,144480,53642,7426249,11463559,1832389,54062,794904,2600640
251,144480,32899.0,111856056,9825388,33055472,3077198,39838785,144480,53799,6913470,10150122,1583565,54076,795470,2600640
252,144480,32700.9,111182924,9816208,32652642,2968843,39806419,144480,53963,6732508,9949910,1545242,54096,795778,2600640
253,144480,32973.6,112109832,9862686,33079212,2971156,40142479,144480,53860,6818743,10007801,1565969,54112,796122,2600640
254,144480,36865.7,125343312,9837118,34289701,4181066,49078699,144480,53329,6981583,10443691,1595965,54207,797005,2600640
255,144480,34865.8,118542298,10447492,34815201,3313667,42420689,144480,53774,7057441,10845236,1735964,54221,796882,2600640
256,144480,39209.5,133312034,10575088,39406554,4088825,49903235,144480,53846,8262672,12679656,1984213,54259,797421,2600640
257,144480,33245.5,113034496,9833684,33544337,3135176,40342864,144480,53716,6805038,10141106,1616291,54269,797962,2600640
258,144480,36127.4,122832922,9808422,33789619,4030930,47717860,144480,53860,6761773,10342287,1597188,54282,798339,2600640
259,144480,37161.9,126350024,9923070,34770299,4160691,49323620,144480,53967,6950374,10796349,1665154,54314,798553,2600640
260,144480,32793.2,111496676,9954078,32714253,2992356,39681638,144480,53643,6741430,9980016,1546121,54348,798526,2600640
261,144480,33064.1,112417634,9922390,32984454,3024208,40269962,144480,53463,6853103,10075696,1537878,54349,799219,2600640
262,144480,33143.0,112686098,10084366,33207737,3007152,40206367,144480,53806,6863959,10190459,1566525,54385,799375,2600640
263,144480,37200.1,126480176,9878836,35147100,4153895,49305639,144480,53924,6950524,10760559,1693969,54362,799447,2600640
264,144480,32992.8,112174704,10104596,32883953,2995327,40046265,144480,53445,6780256,10053573,1548068,54360,799328,2600640
265,144480,32776.3,111439012,9816174,32929712,2969438,39790802,144480,54071,6741812,10077180,1554813,54396,799840,2600640
266,144480,33096.7,112528100,9912428,33255402,3003553,40148841,144480,53777,6832146,10248804,1556640,54412,800122,2600640
267,144480,32773.1,111428438,9846570,32806249,2964391,39892695,144480,53865,6807011,9983326,1577330,54386,800120,2600640
268,144480,32873.0,111767520,9972370,32893904,3023561,39910363,144480,53511,6784366,10096028,1547252,54406,800752,2600640
269,144480,32944.2,112009770,10025784,32896675,3013196,39988000,144480,53640,6793067,10040294,1597989,54444,800838,2600640
270,144480,37112.6,126183112,9923172,34765368,4144591,49153490,144480,53796,7080931,10736993,1650618,54457,801235,2600640
271,144480,34146.0,116096332,10260146,34356562,3086129,41626869,144480,53608,7215851,10572703,1678697,54473,801177,2600640
272,144480,32910.9,111896448,9854220,32817454,3053772,40154456,144480,53722,6845598,9990365,1551452,54490,801437,2600640
273,144480,32831.0,111625094,9848644,32928915,2966547,39908526,144480,53567,6835588,9944921,1541187,54513,801564,2600640
274,144480,32889.4,111823242,9971010,32950204,2999591,39841426,144480,53787,6792529,10141280,1548323,54536,802073,2600640
275,144480,32669.4,111075824,9786832,32706368,2975670,39745061,144480,53747,6719500,10061499,1537002,54562,802581,2600640
276,144480,32962.2,112071174,9902160,33021882,2980567,40063783,144480,53638,6813557,10016808,1567290,54542,802482,2600640
277,144480,36813.5,125165478,9984392,34144459,4162439,48793861,144480,53752,6899398,10437745,1619070,54589,802592,2600640
278,144480,32727.1,111272038,9867752,32825078,2941114,39715069,144480,53783,6766365,9956665,1656428,54620,803206,2600640
279,144480,32811.5,111558828,9939016,32714315,2970472,39827549,144480,53554,6760029,9964821,1545952,54653,804137,2600640
280,144480,32775.2,111435102,9844088,32820687,2960379,39842132,144480,53761,6800372,9965092,1546259,54687,804813,2600640
281,144480,32491.5,110470930,9751812,32618564,2952569,39407960,144480,53792,6696282,9941507,1537239,54735,805632,2600640
282,144480,32609.9,110873286,9782514,32701264,2962522,39471229,144480,53739,6733780,9915749,1537408,54767,806076,2600640
283,144480,32815.2,111571374,9826850,33093486,3009367,39733265,144480,53924,6804507,10088826,1567683,54793,806560,2600640
284,144480,37009.1,125830906,10115272,34541782,4092629,48702044,144480,53781,6984996,10635223,1655334,54818,806624,2600640
285,144480,32680.8,111114142,9834330,32712796,2966220,39652788,144480,53467,6749022,9987672,1536828,54811,806594,2600640
286,144480,34358.8,116819036,10276636,34221168,3195159,41947783,144480,53731,7009043,10578625,1601266,54841,807356,2600640
287,144480,32708.2,111207880,10025444,32848368,2934726,39595009,144480,54048,6764033,10073306,1566799,54862,807438,2600640
288,144480,32910.9,111896788,9895122,33169072,2981012,39816057,144480,53674,6954913,10071989,1541299,54906,808144,2600640
289,144480,32679.3,111109314,9935718,32598555,2955479,39635870,144480,53649,6739967,9925399,1552287,54915,808678,2600640
290,144480,32853.3,111700914,9832086,32972438,2967621,39789019,144480,53673,6821993,10015347,1542919,54949,808530,2600640
291,144480,36453.4,123941492,9942246,34295485,3997953,47933973,144480,53576,6979232,10430367,1627303,54996,809338,2600640
292,144480,32961.8,112069644,9909198,32959714,2970864,40074195,144480,53585,6814625,10031365,1545828,55015,809467,2600640
293,144480,33365.1,113440864,9990730,33489695,3014625,40541530,144480,53760,6913248,10134648,1573072,55065,810400,2600640
294,144480,32617.9,110900894,9794040,32915564,2919656,39511063,144480,53612,6905442,9878342,1534803,55079,810507,2600640
295,144480,32736.2,111302808,9904336,32705242,2949702,39843209,144480,53708,6771948,9963228,1546591,55061,810305,2600640
296,144480,32674.4,111092586,9923002,32631275,2948590,39604809,144480,53695,6787775,9878408,1545744,55085,810645,2600640
297,144480,33004.3,112214252,9903792,32940540,3005885,40073057,144480,53690,6763996,10129646,1543996,55134,811635,2600640
298,144480,32853.2,111700410,9868500,32903969,3083897,39799725,144480,53812,6807675,10020693,1546662,55193,812032,2600640
299,144480,32739.6,111314368,9810734,32922749,2949452,39614466,144480,53805,6894797,10015357,1548165,55193,812267,2600640
300,144480,32757.7,111375602,9836268,32809649,2962327,39667275,144480,53597,6794128,9951791,1547646,55172,812278,2600640
301,144480,32759.3,111381212,9804512,32853365,2960951,39823809,144480,53746,6834431,10069784,1546743,55209,812396,2600640
302,144480,32636.1,110962066,9899372,32630286,2972667,39606750,144480,53827,6740522,9926470,1543554,55258,813139,2600640
303,144480,32461.5,110368692,9974274,32444649,2931278,39255525,144480,53721,6714501,9887162,1539792,55286,813713,2600640
304,144480,32648.6,111004696,9974818,32692294,2948553,39504310,144480,53634,6788135,9939081,1548803,55306,813510,2600640
305,144480,32878.8,111787410,9931570,32956934,2950107,39914586,144480,53541,6773153,9999211,1566679,55342,814455,2600640
306,144480,37037.5,125927212,9952752,34532830,4139324,49120078,144480,53804,6948425,10603327,1660935,55370,814633,2600640
307,144480,37023.2,125878506,10041866,34399039,4138485,49136336,144480,53573,6860412,10615006,1620299,55428,815243,2600640
308,144480,34541.8,117441814,10354462,34374057,3415814,41967263,144480,53510,7006308,10606704,1596164,55460,815754,2600640
309,144480,32715.2,111231510,9819642,32992968,2933010,39441072,144480,53917,6816281,10175888,1563857,55469,816105,2600640
310,144480,32664.3,111058246,9800500,32609869,2943201,39801468,144480,53680,6780050,9889187,1539359,55529,817247,2600640
311,144480,32882.8,111801214,9904132,32810281,2963402,39830300,144480,53721,6781806,10014924,1536830,55553,817624,2600640
312,144480,48238.3,164006291,13380618,52376361,4847695,59174207,144480,53784,11985535,16996784,3078758,55577,817867,2600640
313,144480,54958.1,186853647,15663596,59279911,6005289,65507337,144480,53290,11796804,22010031,2262821,55609,818166,2600640
314,144480,53486.3,181850121,15075702,57258943,5799254,64138827,144480,53695,11443677,20729764,2808422,55633,818744,2600640
315,144480,34381.2,116895536,10338380,34526175,3238307,41443812,144480,53675,7097997,10736358,1670398,55621,819015,2600640
316,144480,36502.2,124107344,9945510,34222104,3996275,48138582,144480,53885,6951924,10520618,1614666,55608,819008,2600640
317,144480,40778.8,138647716,10900944,38751939,4666891,53524475,144480,53686,8172358,12177761,1947045,55639,819370,2600640
318,144480,36008.1,122427268,9944014,34294156,3878550,46762847,144480,53798,6959556,10538350,1659127,55706,820105,2600640
319,144480,33129.0,112637954,9970908,33186268,2998172,40196666,144480,53381,6895831,10187088,1539001,55764,821275,2600640
320,144480,33065.4,112422224,10068182,33057068,2995906,40116724,144480,53746,6845462,10116546,1559030,55785,821156,2600640
321,144480,32941.8,112001304,9874042,33090338,2984107,39779246,144480,53788,6831935,10196520,1548898,55789,821713,2600640
322,144480,32887.2,111815970,9891994,32834680,2984814,40066827,144480,53464,6833510,9911196,1542847,55820,821718,2600640
323,144480,32979.2,112128800,9915420,33058345,2957569,39984123,144480,53367,7044200,10023452,1536383,55879,822244,2600640
324,144480,33632.3,114349578,10148524,33683885,3061882,40609960,144480,53840,6954819,10288661,1593854,55900,822640,2600640
325,144480,57300.8,194818670,15002122,65140843,6177322,69309009,144480,53666,15134195,22467610,3743221,55927,823133,2600640
326,144480,50143.3,170487260,13952070,52624061,5535683,59402966,144480,53962,9523174,20214704,2054198,55930,823429,2600640
327,144480,33938.0,115389812,9748412,34230307,3359349,41578561,144480,53667,6927079,10709497,1750255,55948,823568,2600640
328,144480,32841.9,111662052,9798290,32906679,2959093,39761791,144480,53803,6768686,10185687,1540038,56004,824912,2600640
329,144480,39134.2,133056041,10397914,37296718,4328329,51351446,144480,53668,7747434,11712741,1869555,56019,824578,2600640
330,144480,34061.5,115808590,10147232,34161039,3177280,41189730,144480,53463,7039521,10553696,1578007,56050,825206,2600640
331,144480,37949.0,129026516,10171406,35626166,4229342,50009076,144480,53843,7195296,11083794,1744706,56114,825941,2600640
332,144480,36032.4,122509582,10362758,35316297,3655634,44998485,144480,53857,7474139,10906702,1654757,56134,826492,2600640
333,144480,33518.6,113963444,9996034,33608613,3026702,40517757,144480,53772,6920791,10406137,1597458,56185,827340,2600640
334,144480,32938.9,111992430,9877408,32965221,2989165,39931270,144480,53682,6871357,10032763,1549653,56201,827529,2600640
335,144480,32713.5,111225764,9830182,32732400,2977987,39730590,144480,53655,6789173,9996756,1534806,56177,826922,2600640
336,144480,32828.0,111614860,9898046,32801479,2966577,39954588,144480,53665,6823562,9973117,1546125,56216,827411,2600640
337,144480,32837.2,111646072,9829502,32905165,2974222,39778285,144480,53722,6832348,10061453,1545580,56235,827636,2600640
338,144480,33140.1,112676068,10091166,33126989,3019005,40183641,144480,53901,6833198,10132017,1560162,56285,828300,2600640
339,144480,32773.3,111428778,9892538,32754130,3155227,39643650,144480,53761,6797787,9993465,1541935,56275,828800,2600640
340,144480,37577.1,127761939,10084536,35534235,4126393,49493864,144480,53920,7020881,11355445,1723688,56328,830021,2600640
341,144480,32887.3,111816140,10046694,32822777,2972403,39768274,144480,53612,6838201,9969354,1563096,56349,830372,2600640
342,144480,32590.1,110806714,10016604,32597742,2946269,39405013,144480,53532,6738327,9892568,1537796,56372,830762,2600640
343,144480,32797.1,111509460,9825762,32895817,2952314,39820157,144480,53615,6826899,10027299,1539605,56425,831840,2600640
344,144480,32694.4,111160926,9886146,32780632,2956640,39601139,144480,53809,6737895,10055898,1559875,56423,831646,2600640
345,144480,32775.5,111437244,9891722,32759135,2946592,39766080,144480,53814,6808221,9934776,1547241,56433,832103,2600640
346,144480,32949.8,112028810,9913890,32922804,3126581,39757158,144480,53579,6835829,10058398,1549719,56433,831593,2600640
347,144480,32671.3,111082182,9824810,32730047,2993550,39612780,144480,53619,6790135,9850557,1534440,56448,832061,2600640
348,144480,32819.6,111586572,9859626,32958538,2974436,39711141,144480,53523,6839811,9971983,1548676,56471,832038,2600640
349,144480,34081.7,115877066,10179056,34095794,3140364,41461708,144480,53701,7111593,10493201,1584207,56520,832640,2600640
350,144480,36963.4,125675294,10050944,35371443,3943404,48198633,144480,53867,7057049,11054698,1773269,56550,833230,2600640
351,144480,34176.1,116198366,10138970,34184028,3087370,41902397,144480,53841,7099571,10528976,1660454,56582,833729,2600640
352,144480,32815.0,111570626,9930278,32669696,3006156,39700535,144480,53715,6800312,9915435,1553411,56621,834189,2600640
353,144480,32972.3,112105548,10035984,32891879,2986897,39820548,144480,53720,6811221,10040953,1546524,56604,834596,2600640
354,144480,36219.1,123144328,10031156,34506087,3882020,46743651,144480,53614,7137379,10528942,1654376,56582,834743,2600640
355,144480,33270.6,113119836,10127988,33247254,2965590,40321855,144480,53878,6900996,10140642,1571102,56640,835938,2600640
356,144480,32674.0,111091940,9818112,32800388,2976818,39593809,144480,53904,6765299,10023131,1578903,56658,835784,2600640
357,144480,32645.2,110993816,9863808,32654585,2936117,39503966,144480,53876,6736638,9935239,1543929,56674,836239,2600640
358,144480,52923.6,179940685,14701294,56888520,5865229,64859792,144480,53469,13692041,19189596,2652248,56689,836488,2600640
359,144480,33713.8,114626750,10034420,33557987,3321765,41150672,144480,53621,6871527,10423023,1612137,56669,836592,2600640
360,144480,33082.9,112481486,9944422,33422904,2971587,39838421,144480,53635,6861616,10262600,1558984,56688,837010,2600640
361,144480,32846.8,111678406,9901276,32935408,2949958,39826568,144480,54011,6861900,10071539,1543161,56699,837221,2600640
362,144480,32961.2,112067364,9950032,33096696,2970784,39778746,144480,53499,6843002,10086320,1561765,56740,837081,2600640
363,144480,32845.8,111675176,9983284,32892854,2991867,39738630,144480,53621,6792898,9979366,1544298,56766,837121,2600640
364,144480,32561.1,110707434,9932182,32572752,2932302,39347926,144480,53385,6826570,9813826,1530286,56787,837507,2600640
365,144480,33049.2,112366838,10085454,33113794,2996470,39898336,144480,53577,6815662,10105741,1546179,56790,837853,2600640
366,144480,32848.2,111683574,9847386,33073347,2967884,39747177,144480,53718,6752283,10066695,1750489,56821,837962,2600640
367,144480,33334.9,113338388,9998482,33420558,3031329,40383784,144480,53667,6886872,10386125,1559863,56866,838911,2600640
368,144480,32692.2,111153106,9857008,32852611,2940114,39421373,144480,53967,6766854,10071686,1542911,56865,838914,2600640
369,144480,36486.9,124055327,9920724,34403296,3958574,47793487,144480,53969,6833510,10773154,1613549,56898,838848,2600640
370,144480,32889.9,111825592,10045096,32782905,2954063,39861648,144480,53695,6736531,10026326,1551347,56890,839255,2600640
371,144480,33444.6,113711232,10085182,33464581,3088842,40416383,144480,53625,6876014,10298608,1559936,56961,840088,2600640
372,144480,32701.7,111185338,9830556,32781753,2940062,39601152,144480,53409,6782531,10018873,1524805,56949,839796,2600640
373,144480,32653.7,111022478,10013442,32810485,2913974,39337761,144480,53899,6853134,9945713,1567805,56973,840285,2600640
374,144480,37429.5,127260200,10095960,35020454,4075837,49483391,144480,53488,7021290,10746976,1752967,56983,840846,2600640
375,144480,37469.1,127394608,10169536,35056298,4137881,49341942,144480,53692,7074127,10795471,1690053,57008,841035,2600640
376,144480,33796.0,114906672,10194968,34683435,2998638,40390456,144480,53704,7102728,11250588,1580895,57020,841050,2600640
377,144480,32690.8,111148618,9820662,32798799,2940216,39497174,144480,53345,6847114,9981630,1528154,57046,841658,2600640
378,144480,32829.9,111621014,9882644,32887202,2959083,39633536,144480,53650,6754755,9962522,1589100,57066,841679,2600640
379,144480,32810.8,111556244,9871628,32968697,3134515,39510222,144480,53872,6782233,9999033,1567082,57070,841750,2600640
380,144480,32671.8,111083848,9813726,32801355,2945587,39549893,144480,53758,6831420,10005556,1543676,57087,842129,2600640
381,144480,33073.5,112449764,10065700,33244518,3002002,39892318,144480,53672,6944780,10187716,1546176,57127,842688,2600640
382,144480,32726.7,111270440,9915930,32757997,2948369,39517384,144480,53420,6767751,9865347,1536503,57132,842645,2600640
383,144480,32880.8,111794584,9889614,32799545,2968404,39920100,144480,53517,6803610,9947708,1540302,57163,843331,2600640
384,144480,32787.5,111477364,9999264,32816615,2963445,39690146,144480,53650,6751917,9952859,1657046,57188,843942,2600640
385,144480,32738.3,111309778,9878700,32766598,2960347,39592746,144480,53604,6727600,9922742,1561518,57198,844120,2600640
386,144480,32674.8,111094082,9848032,32640602,2950320,39701936,144480,53450,6786043,9882882,1537960,57189,844427,2600640
387,144480,32809.1,111550770,9928034,32894051,2979315,39652422,144480,53670,6808061,9956215,1543168,57213,844605,2600640
388,144480,32823.3,111599016,9891484,32966024,2943151,39765804,144480,53710,6782943,10113152,1544841,57202,844387,2600640
389,144480,32725.3,111266292,9895190,32853409,2967907,39489126,144480,53690,6869270,9954793,1545788,57250,845225,2600640
390,144480,32770.1,111417966,9901956,32813349,2945803,39585769,144480,53999,6773645,9988204,1550845,57260,845274,2600640
391,144480,32727.1,111272004,9883120,32869850,2953887,39455958,144480,53668,6741611,10031940,1543639,57267,845548,2600640
392,144480,32688.9,111141988,9991002,32757101,2932634,39417443,144480,53645,6729980,9917497,1538909,57236,845307,2600640
393,144480,33023.0,112277792,10084672,33048873,3094195,39803812,144480,53573,6832103,10142071,1534078,57248,845269,2600640
394,144480,32838.6,111651206,9889818,33000220,2957619,39737606,144480,53814,6816571,10076057,1568403,57280,845775,2600640
395,144480,33240.9,113019000,9998652,33155455,3033740,40413848,144480,53454,6897762,10057307,1551679,57323,846451,2600640
396,144480,37840.4,128657569,10459114,35952626,4024891,49455361,144480,53734,7232906,11138235,1773865,57345,846571,2600640
397,144480,32829.9,111621490,9959654,32877198,3011548,39642108,144480,53798,6743512,10032557,1585937,57331,846924,2600640
398,144480,33414.7,113609980,10126252,33371242,3009582,40426835,144480,53662,6854128,10149587,1571356,57349,847280,2600640
399,144480,32648.0,111003030,9960776,32636825,3050150,39359724,144480,53435,6775364,9903850,1532015,57350,847420,2600640
400,144480,36904.5,125474742,9856158,34403763,4237564,48750621,144480,53742,6754781,10553976,1651561,57388,847322,2600640
401,144480,32658.0,111037472,9856770,32661645,2935824,39547154,144480,53798,6712011,9942529,1549458,57402,847438,2600640
402,144480,32762.0,111389984,10037378,32746373,2953782,39577307,144480,53680,6748227,9958558,1542176,57426,848191,2600640
403,144480,32929.7,111960675,9947858,33248778,2943806,39669327,144480,53777,6933245,10168163,1589628,57429,847916,2600640
404,144480,33800.6,114921936,10064272,34107799,3198500,40836366,144480,53539,6975374,10600861,1664417,57441,848198,2600640
405,144480,32608.5,110868662,9871118,32729141,2929282,39388067,144480,53611,6841860,9876117,1532515,57425,848011,2600640
406,144480,33055.0,112386454,10167360,33004533,2993139,39742259,144480,53504,6822839,10097026,1545054,57450,848675,2600640
407,144480,32765.6,111402870,9932590,32750813,2949945,39672389,144480,53685,6727462,9966794,1563352,57486,848990,2600640
408,144480,32835.4,111639918,9875096,32920372,2963538,39572677,144480,53860,6746487,10051407,1555460,57493,849289,2600640
409,144480,32985.7,112151040,9975770,33188344,2959489,39724862,144480,53961,6820471,10212601,1598138,57495,848800,2600640
410,144480,36574.1,124348132,10690042,37855496,3298012,44230493,144480,53840,7738532,12394297,1840621,57518,849102,2600640
411,144480,55552.3,188875236,15430288,58753226,6087584,66098781,144480,53973,10411147,22867735,2143200,57575,849885,2600640
412,144480,38718.1,131641302,10641184,37169596,4192728,50166729,144480,53822,7549152,11625263,1977880,57578,849483,2600640
413,144480,33024.5,112283030,10005656,33179442,2992358,39815600,144480,53693,6773428,9997850,1548555,57581,849736,2600640
414,144480,33046.6,112357794,9927864,33241263,3005531,39914503,144480,53729,6865576,10099173,1546311,57579,849757,2600640
415,144480,32886.7,111814472,10075662,33059863,2964102,39554405,144480,53619,6862928,10047817,1539956,57640,850913,2600640
416,144480,37467.3,127388590,10232470,35179505,4105597,49196231,144480,53693,7203028,10843605,1689971,57660,851508,2600640
417,144480,37300.3,126820750,10047204,35000815,4131767,49135437,144480,53673,6995728,10736479,1784807,57660,851739,2600640
418,144480,32786.2,111473012,9880468,32971083,2963422,39577771,144480,53851,6794041,10017606,1573108,57667,851735,2600640
419,144480,36230.6,123183360,10016259,34354269,3860614,46928079,144480,53689,6968308,10600445,1648578,57687,851457,2600640
420,144480,32885.6,111810564,9922458,32864816,3012602,39830889,144480,53826,6762520,10038732,1551771,57739,852463,2600640
421,144480,37104.4,126155014,10015244,34576611,4087346,49068671,144480,53917,6882172,10695860,1619204,57735,852363,2600640
422,144480,37164.8,126360390,9981448,34678002,4206941,49024512,144480,53894,6907494,10672310,1654231,57750,852442,2600640
423,144480,32780.4,111453394,9891008,32829153,2970035,39648831,144480,53349,6858789,9969982,1530191,57713,852361,2600640
424,144480,32883.4,111803390,9912802,32931869,2987560,39667581,144480,53689,6825002,10019777,1542175,57729,852627,2600640
425,144480,32689.5,111143620,9876762,32761751,2946224,39535227,144480,53627,6745372,9917366,1531610,57736,853131,2600640
426,144480,32838.4,111650118,10059070,32924216,2989250,39585723,144480,53862,6764578,9999943,1547441,57780,853302,2600640
427,144480,32694.3,111160824,9863672,32747100,2933850,39578375,144480,53492,6884386,9878288,1533002,57802,853467,2600640
428,144480,37435.4,127279972,10003480,34921785,4252995,49486326,144480,53613,6928680,10813159,1661243,57807,853652,2600640
429,144480,32908.2,111887642,10160730,32802962,2961428,39723394,144480,53429,6779429,9972467,1572492,57772,853807,2600640
430,144480,32802.4,111528500,9858912,32974271,2965244,39715558,144480,53753,6803724,10053510,1543422,57779,853793,2600640
431,144480,36997.3,125790242,10074064,34462633,4039457,48860917,144480,53588,6938435,10618949,1636654,57786,853767,2600640
432,144480,32808.9,111549954,9918582,32875953,2956110,39551782,144480,53755,6779269,10016560,1552946,57836,854267,2600640
433,144480,36335.4,123540088,10204216,34056200,3896380,47517071,144480,53632,6954321,10407721,1612742,57800,854060,2600640
434,144480,32795.2,111503476,9914264,32725009,2988338,39705273,144480,53638,6741003,9960026,1543538,57823,854433,2600640
435,144480,37079.8,126071155,10007016,34707503,3998149,48783787,144480,53739,6900870,10732194,1667350,57841,854720,2600640
436,144480,35476.2,120618842,10648392,35521195,3328194,42902997,144480,53514,7129817,11185141,1630162,57893,855409,2600640
437,144480,32787.0,111475358,9933100,32759016,2947176,39600003,144480,53360,6769808,9902941,1542906,57897,855735,2600640
438,144480,33127.5,112632990,10008580,33211942,3014666,40064934,144480,53665,6941014,10136130,1547265,57914,856228,2600640
439,144480,37306.1,126840670,10044722,34731509,4117159,49431202,144480,53611,6961039,10652139,1646573,57894,855726,2600640
440,144480,34119.0,116004090,10402232,34078072,3135052,41126940,144480,53686,6900555,10612336,1599578,57911,855997,2600640
441,144480,33073.0,112447622,10040948,33320924,2962424,39772495,144480,53878,6909171,10281096,1554173,57920,856356,2600640
442,144480,35852.0,121896018,10017760,33869888,3854000,46450851,144480,53918,6773345,10379313,1611743,57917,856197,2600640
443,144480,32517.1,110558208,9792816,32602048,2941072,39219182,144480,53964,6721229,9916462,1530968,57889,855800,2600640
444,144480,32732.1,111289310,9879822,32832769,2959714,39504702,144480,53548,6719976,10105678,1546358,57904,856200,2600640
445,144480,32760.5,111385768,9852146,32943521,2984017,39572262,144480,53422,6875305,10001322,1526230,57910,856181,2600640
446,144480,36402.8,123769384,9880264,34257636,3935295,47965346,144480,53584,6902212,10429268,1633941,57917,856158,2600640
447,144480,32779.6,111450164,10008784,32795168,2942953,39507921,144480,53695,6758241,9950164,1539741,57936,856905,2600640
448,144480,32867.3,111747868,10004772,32926227,2941105,39766528,144480,53692,6777658,10064584,1557927,57973,856854,2600640
449,144480,32885.8,111811346,9936500,32859440,2954108,39847004,144480,53682,6766835,9991628,1551291,57986,856952,2600640
450,144480,36477.6,124023432,9934290,34234233,4026924,47755500,144480,53783,6915148,10506818,1641945,58009,857395,2600640
451,144480,37383.5,127103568,10016978,35582227,4123282,48941986,144480,53700,7118028,11133540,1735576,57999,857289,2600640
452,144480,33036.3,112322740,9956696,33063336,2981072,39873306,144480,53856,6773218,10046983,1559754,57976,857007,2600640
453,144480,33496.2,113886434,10050808,33832446,3070311,40280519,144480,53610,7063420,10409304,1570731,57972,856769,2600640
454,144480,33247.2,113039970,10021058,33296056,3015037,40145816,144480,53522,6796862,10236915,1551333,57955,856424,2600640
455,144480,32797.0,111508754,9874518,32841121,2945852,39660667,144480,53605,6782275,9990009,1557915,57987,857148,2600640
456,144480,37391.1,127129453,10303583,34888489,4079332,49337455,144480,53650,7059120,10764593,1670423,58024,857528,2600640
457,144480,33198.3,112873676,10039588,33418571,3032168,39906017,144480,53618,6794464,10407932,1547018,58037,857802,2600640
458,144480,32842.1,111662970,9917596,32918497,2943108,39593856,144480,53841,6779903,10033789,1570128,58039,858152,2600640
459,144480,33133.7,112654172,9991138,33170213,2987743,40208011,144480,53999,6857537,10168645,1564449,58049,858184,2600640
460,144480,33453.9,113742682,10046014,33357433,3060032,40594655,144480,53453,6851546,10213117,1558715,58019,857817,2600640
461,144480,33224.5,112962926,10022656,33273719,3020967,40153916,144480,53787,6769328,10157672,1556917,58031,858105,2600640
462,144480,37453.7,127342792,10086270,35652160,4070183,49143555,144480,53846,7094719,11164896,1823324,58072,858736,2600640
463,144480,32833.5,111633832,10011198,32832062,2940148,39732767,144480,53773,6744589,9973788,1557036,58074,858839,2600640
464,144480,33038.8,112331546,10003684,32957938,3010979,40020584,144480,53687,6761263,10055751,1558699,58077,858747,2600640
465,144480,34524.3,117382314,10377446,34306144,3277776,41927472,144480,53722,6940671,10754726,1585183,58066,858311,2600640
466,144480,32967.8,112090010,9897536,33011004,2949143,40053862,144480,53743,6765282,10075380,1552179,58072,858770,2600640
467,144480,33202.5,112887956,10011776,33434640,2990556,40081928,144480,53767,6791308,10174514,1572985,58104,859426,2600640
468,144480,32877.1,111781502,10000760,32897313,2963240,39632727,144480,53708,6797012,10016662,1549769,58078,858971,2600640
469,144480,32481.5,110437406,9809306,32493768,2908673,39362864,144480,53525,6720538,9837816,1527991,58067,859221,2600640
470,144480,32753.5,111362002,9918208,32953930,3053957,39397842,144480,54121,6782594,10003686,1680371,58078,859474,2600640
471,144480,32680.6,111113666,9890124,32870634,2929336,39420910,144480,53735,6752570,10069214,1548546,58092,859861,2600640
472,144480,37191.7,126451170,9985120,35007296,4072287,48967540,144480,53697,7002644,10914422,1655491,58149,860480,2600640
473,144480,32903.6,111871798,9905900,33152248,2961811,39643144,144480,53817,6762127,10111282,1548079,58189,860694,2600640
474,144480,32893.8,111838546,10070222,32917580,2982779,39745957,144480,53725,6833578,9991768,1538202,58180,860737,2600640
475,144480,33268.5,113112424,9983488,33247410,3026130,40300164,144480,53646,6841450,10169923,1559540,58175,860531,2600640
476,144480,32832.8,111630772,10050604,32832471,2942451,39731543,144480,53739,6736025,10016690,1557399,58197,860891,2600640
477,144480,32849.4,111687280,9956696,32933066,2956339,39723591,144480,53623,6843487,10003732,1548642,58200,860999,2600640
478,144480,37473.4,127408990,10004704,35337934,4095246,49261629,144480,53640,7034388,11123938,1714959,58208,861160,2600640
479,144480,33114.0,112587362,9950338,33156825,2995638,39926057,144480,53639,6812567,10072014,1544616,58222,861546,2600640
480,144480,32893.0,111835670,9894102,32824430,2951072,40014595,144480,53233,6761437,10002961,1543180,58220,861547,2600640
481,144480,33338.7,113351044,10323080,33311115,3015379,40174740,144480,53538,6803332,10260634,1553786,58206,861438,2600640
482,144480,32979.0,112127884,10064850,33060967,3020769,39745374,144480,53388,6774068,10130095,1544957,58219,861571,2600640
483,144480,32891.2,111829876,9942416,32878989,2969471,39888962,144480,53663,6746216,10039733,1543971,58244,861924,2600640
484,144480,33249.6,113048538,10032280,33323486,2995590,40053632,144480,53644,6838520,10154910,1575172,58235,862035,2600640
485,144480,32781.1,111455366,9842048,33010018,2959195,39477803,144480,54036,6838811,10135089,1560062,58269,862159,2600640
486,144480,32820.7,111589564,9996816,32989733,2968809,39536471,144480,53594,6840960,10008937,1544149,58278,862557,2600640
487,144480,32791.8,111491848,9868874,32846824,2934894,39601863,144480,53789,6764399,10022505,1563385,58280,862433,2600640
488,144480,32972.4,112105718,9929292,33117351,2944844,39795710,144480,53920,6899419,10072768,1546410,58273,862428,2600640
489,144480,32844.0,111669056,9954724,32816785,2958150,39678053,144480,53494,6743269,9995879,1534989,58292,862812,2600640
490,144480,32962.9,112073216,9989880,32940342,3094529,39787454,144480,53512,6791706,9952515,1542988,58277,862513,2600640
491,144480,32826.2,111608636,9909980,32977002,2945308,39587271,144480,53655,6746660,10014535,1547305,58306,862912,2600640
492,144480,37132.7,126250945,10010722,34546089,4082292,49227764,144480,53681,6858870,10497737,1611187,58310,862971,2600640
493,144480,36953.8,125642818,9978320,34479872,4056666,48811984,144480,53682,6861547,10534326,1625516,58338,863235,2600640
494,144480,33080.0,112471490,9976144,33276677,2988780,39822705,144480,53658,6841816,10235234,1557702,58365,863333,2600640
495,144480,32966.5,112086100,9953602,33145024,2977721,39737102,144480,53677,6970899,10044113,1583883,58364,863619,2600640
496,144480,34886.9,118613080,9941940,33755732,3544211,44362911,144480,53639,6972808,10335040,1637410,58364,863851,2600640
497,144480,37752.7,128359042,10955446,37353246,3876294,46418219,144480,53734,7746438,11844021,1860159,58356,863869,2600640
498,144480,34115.0,115990626,9968630,33372681,3285084,42287936,144480,53807,6775635,10178920,1573514,58400,864184,2600640
499,144480,35258.0,119876996,10782488,35213464,3285000,42632433,144480,53606,7065981,11052966,1638706,58405,864059,2600640
500,144480,37014.1,125847775,10002596,34538272,4035185,48757673,144480,53910,6884326,10679713,1637505,58364,863718,2600640
501,144480,32966.1,112084366,10064442,32977046,2974962,39856184,144480,53830,6824768,10032368,1555391,58400,864079,2600640
502,144480,34990.6,118967564,10544692,35255989,3265674,42134280,144480,53690,7101140,11005013,1616125,58414,864423,2600640
503,144480,33168.7,112773308,10013680,33110695,3130768,39944871,144480,53729,6850046,10091198,1546109,58427,864461,2600640
504,144480,33183.4,112823260,10152570,33291852,3003966,39991803,144480,53917,6935770,10206783,1560473,58412,864453,2600640
505,144480,37558.5,127698770,10357862,35094748,4074780,49542948,144480,53667,6973533,10890879,1680757,58424,864990,2600640
506,144480,33240.4,113016782,10005520,33545326,2972303,40052428,144480,53573,6864181,10376643,1667707,58444,865128,2600640
507,144480,36781.1,125056012,10059410,34178209,4003934,48774056,144480,53740,6804232,10499107,1628781,58456,865076,2600640
508,144480,32820.9,111590754,9883392,33024658,2936123,39529810,144480,53938,6728396,10170267,1571596,58489,865565,2600640
509,144480,32797.5,111511262,9882168,33005796,2945726,39499679,144480,53674,6916175,10044966,1552959,58488,865853,2600640
510,144480,37272.8,126727217,10116462,34938523,4109051,49230276,144480,53755,6945549,10902441,1683411,58499,865906,2600640
511,144480,32767.6,111409908,9877408,32691122,2941637,39796576,144480,53416,6750190,9959999,1528669,58514,866286,2600640
512,144480,32673.3,111088846,9824946,32836008,2923147,39499403,144480,53558,6741828,10027003,1530860,58504,865856,2600640
513,144480,32678.8,111107376,9990832,32639160,2927198,39474994,144480,53634,6728050,9933843,1551365,58509,866052,2600640
514,144480,32804.6,111535130,9898284,33138064,2933857,39471552,144480,53721,6730463,10207552,1537192,58492,865724,2600640
515,144480,32993.6,112177940,9942926,33318018,2964621,39725682,144480,53831,6783246,10255066,1548673,58521,866235,2600640
516,144480,33104.7,112555470,9955302,33058117,3007344,40041053,144480,53585,6794751,10128667,1544326,58523,866190,2600640
517,144480,32966.5,112085630,9944320,33270927,2957378,39687060,144480,53871,6750990,10228510,1554328,58511,866454,2600640
518,144480,33324.0,113301022,10053154,33412500,2994472,40172599,144480,53874,6772375,10200766,1560943,58522,866509,2600640
519,144480,32944.5,112010592,10003146,32920830,2960160,39920471,144480,53512,6789750,10009916,1542073,58530,866758,2600640
520,144480,32861.5,111728420,9944932,32892293,2962574,39643190,144480,53667,6799826,10013726,1544062,58577,867506,2600640
521,144480,37795.0,128502507,10159965,35710964,4145627,49398157,144480,53791,7220410,11008363,1724000,58606,867791,2600640
522,144480,32871.8,111763644,10074540,33038748,2943599,39580374,144480,53597,6731314,9998374,1534237,58632,867812,2600640
523,144480,37042.4,125944030,10006982,35581150,3945780,48193967,144480,53802,7025461,11354972,1787287,58617,867615,2600640
524,144480,33045.2,112353238,10036290,32979098,2975042,39995134,144480,53552,6782976,10055405,1548557,58647,868222,2600640
525,144480,38226.2,129968712,10206596,36264593,4219626,49895794,144480,53586,7317312,11344861,1795270,58652,868429,2600640
526,144480,33168.9,112773988,9992974,33187747,3053583,40002175,144480,53573,6805413,10196022,1540202,58630,867656,2600640
527,144480,58034.6,197316931,15621368,64782473,6394841,70151674,144480,53623,15524662,21671753,3671964,58610,867539,2600640
528,144480,32886.0,111811822,9939968,33034583,2949224,39603290,144480,53595,6993281,9974025,1540895,58616,867509,2600640
529,144480,51290.4,174383932,14775584,52709442,5638604,61434150,144480,53934,9661949,19535782,2029654,58651,868254,2600640
530,144480,40740.6,138517740,10914680,41059315,4414927,51032409,144480,53815,8175822,13893085,1999793,58664,868452,2600640
531,144480,33090.0,112505966,10028776,33046745,3020663,39995254,144480,53945,6735252,10103671,1565801,58668,868190,2600640
532,144480,33055.2,112387040,10002018,33106403,2961760,40044068,144480,53717,6947303,10009048,1546357,58680,868215,2600640
533,144480,32920.3,111928578,10192384,32936930,2966720,39642482,144480,53644,6820001,10008568,1561420,58680,868713,2600640
534,144480,32777.5,111443602,9887506,32747335,2947285,39737629,144480,53539,6752393,9924840,1539069,58654,868592,2600640
535,144480,32794.2,111499940,9867174,32807723,2938490,39628556,144480,53664,6737945,10000640,1541447,58669,868989,2600640
536,144480,32936.3,111982842,9951086,33022393,3081673,39640750,144480,53604,6901877,9998121,1544559,58680,869098,2600640
537,144480,32710.2,111214306,9895156,32734626,2933750,39535919,144480,53514,6802191,9957704,1532481,58662,869114,2600640
538,144480,34192.3,116253242,10365954,34139280,3147187,41318958,144480,53696,7052907,10606569,1577770,58660,868770,2600640
539,144480,32822.5,111596296,10001576,32809387,2926667,39508357,144480,53561,6724307,10055853,1535182,58695,869429,2600640
540,144480,32953.4,112040978,9949114,32941278,2987063,39716426,144480,53595,6819192,9999950,1549358,58704,869596,2600640
541,144480,33195.5,112864156,10082224,33206260,2974521,40048211,144480,53490,6820062,10027660,1563953,58715,869386,2600640
542,144480,32929.3,111959994,10191874,33026185,2907606,39781094,144480,53748,6769224,9927349,1534387,58743,869507,2600640
543,144480,33129.9,112641354,10031088,33267093,2944423,40168736,144480,53729,6793812,10035486,1557219,58711,869649,2600640
544,144480,33765.8,114803040,10280920,33826943,3027968,40801447,144480,53888,6909808,10376497,1585629,58719,870024,2600640
545,144480,37399.0,127156498,10420558,35194617,3965272,48947702,144480,53481,7090797,10741050,1672514,58740,870163,2600640
546,144480,33397.4,113551194,10121188,33267864,3012938,40466772,144480,53649,6825636,10143986,1569309,58758,870229,2600640
547,144480,43939.2,149391020,12136130,43972604,4851680,54783636,144480,53872,9024140,14859852,2122966,58746,870209,2600640
548,144480,34466.1,117184304,10116122,34277695,3503209,42172050,144480,53809,7016049,10546299,1621008,58766,870938,2600640
549,144480,38387.0,130515290,10386626,36496627,4227939,49865453,144480,53670,7572716,11200024,1839159,58786,871251,2600640
550,144480,36736.7,124903964,10092798,34706852,3920492,47757816,144480,54005,6972033,10795817,1665881,58799,871408,2600640
551,144480,32996.0,112185788,9973186,33000441,3085040,39818913,144480,53741,6780156,10076131,1558749,58779,871293,2600640
552,144480,37184.9,126428354,10174636,35212828,3997847,48631272,144480,53747,7064637,10929058,1768083,58788,871466,2600640
553,144480,32849.8,111689082,9953024,32853650,2947875,39777419,144480,53447,6787222,9982212,1539739,58799,871730,2600640
554,144480,37302.7,126828843,10082054,35296169,4036733,48944259,144480,54134,7011003,11037890,1747595,58833,871923,2600640
555,144480,32865.9,111744230,9916100,32957262,2993588,39709773,144480,53728,6762989,10058336,1551928,58820,871852,2600640
556,144480,33008.9,112230056,9964618,33197765,2980830,39748131,144480,54019,6778514,10146880,1564666,58818,872078,2600640
557,144480,33426.9,113651188,10281260,33298702,3012799,40521724,144480,53518,6836366,10188740,1562933,58828,872147,2600640
558,144480,33380.7,113493972,10153284,33323563,3033746,40303882,144480,53669,6854124,10212376,1558653,58822,872091,2600640
559,144480,37115.0,126190663,10164235,35732763,3950621,48104904,144480,53715,7086850,11299109,1807574,58840,872396,2600640
560,144480,33376.4,113479012,10077294,33553026,3034723,40221161,144480,53799,6865688,10253159,1566451,58850,872758,2600640
561,144480,57421.1,195228238,15231558,64247632,6453119,69409979,144480,53564,15069319,21681979,3749007,58848,872543,2600640
562,144480,56148.5,190900684,15855526,60127868,5963949,66979259,144480,53708,11083758,22662047,2096862,58869,872844,2600640
563,144480,41271.4,140319258,12337784,41332177,4257099,49749690,144480,53606,7955110,13938695,1755937,58894,873212,2600640
564,144480,37442.1,127302704,10164918,35649442,4081124,48825840,144480,53858,7079801,11066965,1879256,58891,873097,2600640
565,144480,33028.7,112297478,10027416,33169095,2972001,39783090,144480,53752,6783234,10086370,1549584,58899,872797,2600640
566,144480,33357.2,113414208,10065258,33472627,3038173,40180776,144480,53672,6827443,10184180,1551794,58930,873388,2600640
567,144480,34538.2,117429846,10428378,34794168,3109584,41867254,144480,53757,7160778,10567991,1660441,58945,873683,2600640
568,144480,37192.9,126455285,10171236,34619006,4054720,49056123,144480,53563,6886107,10712127,1644816,58936,873701,2600640
569,144480,32855.7,111709380,9970772,32977801,2943549,39648124,144480,53692,6757878,10022761,1540172,58938,873516,2600640
570,144480,32920.3,111928781,10073724,32911761,2979176,39604751,144480,53566,6788595,10002720,1542119,58927,873463,2600640
571,144480,32847.6,111681432,9932794,32850264,2973953,39685047,144480,53697,6737603,10045166,1542053,58945,873624,2600640
572,144480,37983.3,129142642,10273678,35778435,4162472,49805268,144480,53929,7237104,11068665,1777675,58966,873830,2600640
573,144480,32860.3,111725394,9886078,33226976,2960840,39492448,144480,53939,6774914,10221607,1553503,58950,874012,2600640
574,144480,32787.1,111476106,9951086,32740673,2954740,39519017,144480,53555,6725751,9956514,1538354,58972,873886,2600640
575,144480,32908.0,111886588,9971350,33017569,2953589,39692410,144480,53766,6857360,10070955,1547996,58973,873990,2600640
576,144480,32929.7,111960742,10079946,32972922,2967112,39750967,144480,54058,6760843,10066719,1572352,58988,874339,2600640
577,144480,33284.9,113168014,10135706,33472463,3122449,39983000,144480,53827,6790295,10277849,1565263,58989,874168,2600640
578,144480,45246.7,153837110,13132602,48381054,4475357,53937944,144480,53679,9831619,17026695,2211138,58980,874137,2600640
579,144480,33788.5,114880186,10159540,33833204,3173222,40733246,144480,53513,6885866,10517700,1627682,59003,874675,2600640
580,144480,36675.2,124695680,10087188,34833680,3905852,47647733,144480,53828,7148292,10746971,1660999,58961,873898,2600640
581,144480,32742.9,111326268,9884888,32907160,2930970,39490003,144480,53872,6726525,9992705,1676863,58965,874286,2600640
582,144480,32786.7,111474644,10002494,32924059,2928024,39543667,144480,53873,6755029,10075508,1569098,58943,874209,2600640
583,144480,32830.1,111622068,9925790,32958274,2928714,39417425,144480,53503,6798314,9962657,1538261,58945,873735,2600640
584,144480,37452.9,127339322,10226078,35008022,4145193,49225921,144480,53797,6923359,10774009,1728891,58989,874392,2600640
585,144480,32895.2,111843238,9956934,33060901,2952957,39539148,144480,53584,6755419,10135289,1549792,58955,873839,2600640
586,144480,33896.7,115248372,10250320,33858272,3132136,40909306,144480,53431,6879725,10501337,1560764,58935,873897,2600640
587,144480,33538.2,114029234,10092220,33549811,3033756,40711800,144480,53744,6843307,10342888,1555386,58937,873852,2600640
588,144480,32891.0,111829060,9919534,32990275,2943760,39673484,144480,53808,6854036,10023483,1546691,58956,874154,2600640
589,144480,32765.0,111400966,9915794,32785479,2925485,39496389,144480,53790,6702911,10020685,1545494,58951,874044,2600640
590,144480,32915.2,111911408,9954452,33045299,2957679,39689697,144480,53886,6749038,10169397,1552665,58968,874499,2600640
591,144480,33091.5,112510596,10014360,33201462,2977745,39914682,144480,53941,6751032,10135620,1556846,58970,874526,2600640
592,144480,37187.5,126436990,10186842,34715019,4108970,49032386,144480,53759,6896652,10645593,1636509,58965,874488,2600640
593,144480,32905.9,111879822,10047272,32926505,2978837,39684627,144480,53570,6767337,10057619,1540365,58954,874256,2600640
594,144480,32941.8,112001882,9944490,33004635,2939451,39730073,144480,53873,6732145,10109023,1572836,58959,874298,2600640
595,144480,32824.5,111602688,9985528,32944039,2932014,39552728,144480,53593,6738294,10097646,1542297,58956,874437,2600640
596,144480,32844.5,111670790,10041390,32959253,2973741,39503259,144480,53754,6746480,10121780,1545030,58976,874699,2600640
597,144480,32911.3,111898114,9944524,32822498,3059948,39565281,144480,53897,6695601,10018294,1545244,58990,875006,2600640
598,144480,32883.9,111805260,9927150,33042527,2969174,39713142,144480,53810,6757217,10190640,1549172,58982,874817,2600640
599,144480,32753.7,111362240,9893456,32823698,2952978,39422234,144480,53677,6751051,9967930,1547654,58998,874755,2600640
600,144480,32711.0,111217128,9848508,32713283,2924061,39526097,144480,53608,6747912,9967416,1526892,59017,875094,2600640
