frame,particulas,parede_us,cic_total,cic_vizinhanca,cic_transicao,cic_update,cic_movimento
1,144480,21459.8,72958604,9881405,25436133,3390947,16862096
2,144480,20413.8,69402701,8937423,20659068,2804186,20843449
3,144480,35194.6,119657767,10276460,25842810,3521347,62935021
4,144480,21949.9,74625376,9289486,22211024,2958824,22885075
5,144480,38598.2,131230786,10705498,28431037,3969132,70312269
6,144480,33371.5,113457558,11190646,30447076,3907830,50087411
7,144480,26113.4,88778485,9078008,22651978,2842767,37612086
8,144480,26782.0,91054836,9188739,22886205,2833112,39539022
9,144480,26757.1,90969567,9315170,23150830,2857801,39228373
10,144480,26925.0,91540172,9280974,23508059,2922507,38987630
11,144480,27576.0,93753858,9177334,23546204,2862988,41191670
12,144480,28334.7,96333421,9620778,24976737,3045330,41440314
13,144480,36053.5,122577137,11908559,35099958,4252641,52504159
14,144480,27582.2,93775822,9219167,24082708,2859724,40287806
15,144480,27781.9,94452000,9450536,24748866,2908919,40308082
16,144480,28317.3,96275029,9443132,24926160,2924553,41570354
17,144480,27591.6,93805629,9285888,24536832,2833110,39965078
18,144480,28054.6,95380611,9447032,24937615,2880421,40900525
19,144480,28677.0,97498122,9520927,25637553,2901557,42159243
20,144480,30512.6,103738570,10195349,27803793,3128104,44343548
21,144480,28129.1,95634381,9568980,25219895,2881406,40727177
22,144480,29657.3,100829723,9681441,27078579,2957992,43090165
23,144480,27631.8,93943632,9260822,24837913,2806940,39939053
24,144480,27936.1,94979156,9426026,25220556,2864668,40477571
25,144480,29320.5,99685144,9660274,26604512,2895422,42480680
26,144480,33407.9,113583355,11111148,32336471,3663279,48272317
27,144480,28084.0,95481333,9441505,25420088,2834360,40605109
28,144480,28388.7,96516004,9522159,25548417,2841272,41064588
29,144480,29563.3,100510089,9770122,26885849,2995456,43055375
30,144480,32383.3,110098976,10556851,30188731,3318704,47287057
31,144480,35434.9,120474349,11669504,34418518,3847409,51487126
32,144480,34213.4,116320126,11421301,33018746,3392459,49616069
33,144480,32581.5,110772028,10570114,31583381,3183923,46498671
34,144480,30548.1,103858919,9990367,28428504,3102525,44145966
35,144480,29794.2,101295891,9848950,27453674,2940681,43110926
36,144480,34441.1,117096136,12405911,32805109,3470379,50469453
37,144480,28557.9,97092413,9438596,25900435,2829735,41498623
38,144480,40396.7,137345020,13088443,42539414,4405205,57475576
39,144480,29825.7,101403909,9915272,27353114,2904685,42887661
40,144480,31378.0,106680508,10253058,28910494,3092711,45549076
41,144480,28853.2,98096735,9468838,26412909,2886509,41555899
42,144480,32730.4,111279960,10926695,31098906,3456614,48021062
43,144480,29872.4,101561669,9666349,27152791,2894484,43590822
44,144480,34619.7,117702390,11662492,33735380,3759320,49736097
45,144480,30213.4,102720562,9723428,27670625,3011421,44161087
46,144480,31020.1,105464702,10066140,28504763,3060111,45488694
47,144480,29663.3,100850395,9534495,26732288,2883508,43553955
48,144480,29711.6,101015159,9668241,27367574,2944068,43049314
49,144480,29295.2,99598277,9546256,26990810,2866820,42347113
50,144480,36313.2,123460729,10844534,36401099,3477079,53127220
51,144480,30293.8,102991675,9951645,28269054,2891377,43530900
52,144480,36533.8,124210055,12160283,36278229,3963867,52311361
53,144480,30401.8,103357980,9837411,28399287,2973151,43916214
54,144480,32302.1,109821978,10429268,30972724,3128676,46508271
55,144480,31570.0,107331908,10379523,29914595,3124296,45499039
56,144480,36177.6,122998261,11492095,35840181,3556315,52214016
57,144480,29840.3,101451713,9883861,27572838,2968093,43031801
58,144480,30190.5,102642943,9775372,28241642,2979326,43431300
59,144480,29892.5,101629597,9679498,27409392,2897692,43471051
60,144480,29771.5,101218972,9679887,27302747,2908395,43198317
61,144480,29265.6,99498623,9557898,26879264,2856358,42408628
62,144480,28776.2,97833470,9551333,26483405,2831146,41618635
63,144480,30648.0,104199658,9738000,27843684,2938745,45359478
64,144480,29559.1,100497302,9623806,27252648,2896473,42752679
65,144480,28821.8,97988238,9509980,26547919,2845529,41683723
66,144480,30262.1,102886690,9916866,27816768,2920448,43722091
67,144480,29921.9,101729326,10020840,28197449,2965126,43057175
68,144480,29689.5,100940744,9677820,27399805,2915139,42911934
69,144480,30669.3,104271135,9986401,28363836,3014514,44367000
70,144480,29816.9,101372802,9476750,27165655,2874640,43667406
71,144480,31330.7,106520541,10010549,29176012,3040618,45565376
72,144480,32684.9,111124512,11142394,31040234,3230654,46996962
73,144480,29815.4,101367206,9534171,26933287,2824356,44613435
74,144480,32221.4,109548847,10743701,30570867,3101455,46801791
75,144480,30376.4,103275989,9779006,27979185,2946348,44244921
76,144480,34970.6,118895654,10857117,35908624,3384359,48401324
77,144480,28820.9,97985484,9503042,26610911,2849442,41647828
78,144480,31426.0,106843201,10144436,29855314,3116371,45018013
79,144480,30054.1,102178630,9676045,27963872,2905670,43609843
80,144480,31142.2,105879941,10197858,29828151,3057578,44710674
81,144480,31740.1,107910325,10002006,29948442,3016734,45959462
82,144480,32201.9,109481958,10346329,30923197,3136229,46287475
83,144480,31446.9,106914196,10060558,29617091,2935832,45305660
84,144480,29772.0,101220346,9807041,27651067,2879122,43089995
85,144480,34549.1,117463126,10870891,33534871,3247799,49698072
86,144480,31507.9,107121457,10270360,29592719,3039785,45634833
87,144480,31505.7,107114719,10213038,30015616,3144599,45433303
88,144480,37519.9,127564566,12479785,37833214,3815320,54624041
89,144480,30114.3,102382602,9787225,28259717,2882163,43478615
90,144480,30387.7,103314103,9652663,28043773,2891168,44248806
91,144480,31306.4,106437436,9975610,29608074,3002389,44734872
92,144480,37802.5,128524148,12035353,38227567,3797228,55911724
93,144480,33687.4,114533624,11184989,32446057,3163459,48323992
94,144480,31095.3,105719488,9845447,28964876,2935067,45331710
95,144480,30357.0,103207167,9764149,28265994,2920332,44059325
96,144480,32208.4,109504755,10478795,30958158,3151252,46409352
97,144480,31346.0,106571028,9800317,29495852,2940703,45514008
98,144480,30213.6,102717550,9705623,28120564,2923840,43845717
99,144480,34359.9,116818217,11217008,33357384,3480501,49726664
100,144480,32478.3,110421667,10407110,31061759,4448097,46441045
101,144480,31050.0,105564461,10140579,29882806,3011210,44581506
102,144480,31546.0,107250920,11051074,29230431,2981480,45266530
103,144480,33374.7,113469866,10860998,32713377,3344143,48224790
104,144480,30876.9,104974895,9832412,29003719,2931233,44657271
105,144480,31454.1,106939571,10513325,30230123,3053343,44864783
106,144480,30343.0,103161774,9676964,28482664,2877976,43839985
107,144480,29394.0,99934432,9553663,27619072,2832887,42404280
108,144480,30016.0,102048926,9723522,28122048,2920042,43727994
109,144480,31588.7,107396517,10111345,30399422,3024655,45454777
110,144480,31368.4,106646086,9860653,29414006,2920348,45634588
111,144480,37248.4,126640732,12199884,38260981,4545666,52837203
112,144480,30349.5,103182917,9775710,28688492,2896520,43940180
113,144480,31030.1,105499156,9902073,29533120,3000573,44769390
114,144480,30437.4,103483723,9927185,28508357,2985003,44085986
115,144480,32124.4,109219591,10217599,30477328,3054985,46382460
116,144480,30048.5,102160548,9656737,28454493,2915858,43295628
117,144480,29942.4,101800671,9668903,27991895,2880563,43484995
118,144480,30488.3,103656458,9745333,28428428,2912824,44212094
119,144480,31964.5,108674032,10343456,30597753,3106524,45941569
120,144480,31022.2,105470616,9854315,29473369,2948456,44913978
121,144480,29793.8,101295049,9666320,28014688,2854631,42980572
122,144480,30573.3,103943634,9876246,28668346,2875951,44255829
123,144480,32088.7,109097364,10374694,31405030,3118500,46155691
124,144480,30244.5,102826111,9784484,28575879,2931126,43574795
125,144480,36736.9,124901608,11800794,37167527,3774034,52799923
126,144480,35803.1,121726692,11603920,35617268,3664624,51402476
127,144480,34915.9,118709714,11269837,34269174,3538581,50499326
128,144480,30870.9,104954577,9946462,29745223,3001423,44233414
129,144480,30335.5,103137601,9791429,28987732,2873732,43482276
130,144480,31221.8,106149492,9979081,30000760,2965345,44642993
131,144480,31775.8,108032484,10123135,30978068,3172574,45420491
132,144480,32351.2,109989796,10470467,31813395,3344232,46325102
133,144480,32726.7,111266530,10006018,31754085,2982205,47102705
134,144480,31415.3,106806902,10086124,30116019,2924261,44987856
135,144480,32343.3,109963136,10038505,31561539,2950457,46240375
136,144480,30423.0,103432569,9805863,28757852,2905678,43852643
137,144480,37678.2,128102276,12364975,38387515,3917208,53889475
138,144480,30266.1,102899317,9673390,28474542,2876091,43769639
139,144480,33746.2,114732623,10851940,33613115,3264341,47856746
140,144480,31044.6,105547186,9793395,30122277,2897576,44561195
141,144480,30801.4,104720053,10056103,29670565,3025256,44270603
142,144480,31368.6,106648889,10414093,30295302,3180446,45381792
143,144480,30471.6,103597928,9707278,28792493,2866809,44104231
144,144480,38901.0,132257984,12387908,40405724,3997409,55551731
145,144480,33726.6,114665608,10704825,32498715,3213524,48790524
146,144480,29918.5,101717818,9790717,28356862,2874932,43127280
147,144480,30301.5,103020998,9821917,28636293,2880239,43491104
148,144480,33572.6,114143300,10870934,32934791,3404301,48303915
149,144480,34400.8,116958770,11213933,34255736,3709642,49061235
150,144480,30968.3,105287880,9970439,29739049,2991836,44514462
151,144480,32016.3,108852017,10284561,31121459,3093959,45885628
152,144480,31384.4,106703046,10043591,30064595,3055221,45209483
153,144480,31103.6,105747276,9986489,29739431,2969996,44885681
154,144480,30563.6,103911238,9842426,29146161,2941447,43834224
155,144480,31354.1,106598603,10051826,30458890,3003843,44828116
156,144480,33977.2,115519006,10720089,33675374,3555373,48596138
157,144480,30390.6,103324976,9763601,28878029,2988875,43729444
158,144480,38607.7,131255738,12656161,40565576,3810863,54547108
159,144480,31770.9,108016738,10087228,30597910,3014845,45613549
160,144480,35688.3,121335524,11478295,36230757,3524867,50888948
161,144480,34289.8,116578894,11109026,34649978,3438794,48813708
162,144480,35243.9,119823821,11216386,35736064,3443575,50110119
163,144480,35047.5,119153989,11340347,36511953,3486097,49010312
164,144480,32757.4,111369714,10252137,32484025,2995671,46415965
165,144480,40937.7,139183487,13333989,44323197,4273409,57324127
166,144480,45594.4,155016472,15185382,50465828,4987234,64283194
167,144480,31522.2,107170698,9935693,30504981,2938032,45021871
168,144480,33758.0,114772578,10931803,33657528,3411825,48344558
169,144480,31436.2,106878044,9914942,30170250,2905583,45185279
170,144480,30978.6,105323530,9900034,29872204,2959993,44290861
171,144480,31479.1,107022356,9996493,30451039,2947164,45002902
172,144480,31246.1,106232419,9973852,30538303,2985242,44473736
173,144480,36217.8,123136811,11757225,37043772,3606043,51341116
174,144480,30962.1,105267587,9737868,29476516,2932599,44743654
175,144480,30579.4,103965349,9824914,29236449,2900869,43749168
176,144480,37544.4,127645449,12315660,39289081,3852615,53267050
177,144480,31573.2,107345238,10081358,30668776,3022357,45152364
178,144480,33175.9,112794520,10766711,32552107,3216785,47431853
179,144480,33690.8,114545113,11082268,33369232,3371442,48134449
180,144480,30289.2,102978861,9779599,29255042,2887311,43208299
181,144480,31510.0,107130022,10195922,30868920,3051218,44843562
182,144480,31840.3,108252022,10290205,30968030,3181199,45550169
183,144480,35726.1,121465653,11451112,36478848,3673115,50810100
184,144480,31343.3,106563561,10306698,30375184,3075964,44707351
185,144480,31086.0,105684579,9781002,29698611,2897111,44606724
186,144480,29993.1,101971690,9860515,28310398,2906799,42912883
187,144480,32157.2,109331160,10071334,30952514,3018122,46219173
188,144480,29610.9,100673014,9702436,28299344,2858941,42433607
189,144480,30635.2,104152828,9675050,28936046,2913808,44185526
190,144480,34616.1,117689912,11347500,34619883,3610933,49504427
191,144480,34760.3,118181599,10804236,35033947,3398352,49390728
192,144480,29933.7,101770122,9753774,28404259,2858507,43115195
193,144480,41168.6,139967330,13470862,43792625,4451174,58325484
194,144480,30794.9,104699022,9740489,28959671,2927365,44598092
195,144480,30494.4,103676402,9881333,29193551,2927890,43609882
196,144480,32673.4,111083747,10853357,31761057,3328551,46863627
197,144480,30341.9,103154235,9836195,29192284,2929085,43317875
198,144480,30963.9,105272519,9963634,29727905,3194230,44130241
199,144480,33616.8,114290694,10751823,33770314,3307561,47699967
200,144480,31271.4,106317116,9812590,29953174,2938908,44854226
201,144480,29958.2,101851963,9656210,28722953,2845006,42779891
202,144480,31248.7,106240954,9953486,30194294,2903987,44515094
203,144480,32788.6,111476872,10753912,32747448,3313104,46512195
204,144480,32188.6,109437328,10307581,31707192,3109655,45802272
205,144480,30724.5,104459288,9677369,28987292,2948988,44337711
206,144480,30958.0,105253018,10191126,30065129,3051063,44127348
207,144480,30754.4,104558756,9922883,29971568,2925502,43759179
208,144480,33268.6,113108545,10627426,33330453,3236454,47139696
209,144480,30658.3,104233207,10148236,29783968,2999071,43609324
210,144480,30946.9,105214322,9882360,29593459,2919123,44304121
211,144480,29247.4,99436094,9644399,27708133,2853714,41929126
212,144480,30558.1,103892998,9855194,29007107,2994099,43714564
213,144480,32288.0,109774576,10244089,31515750,3143295,45978203
214,144480,30697.9,104367416,9838170,29419915,2927795,43912441
215,144480,30747.8,104538062,9994418,29486654,2916542,43835265
216,144480,30178.7,102602034,9864810,28524242,2897531,43382727
217,144480,40385.8,137305908,12861633,43031005,4053432,57195385
218,144480,33521.8,113970042,10656127,33630045,3180921,47610040
219,144480,34489.8,117260339,10608820,34151266,3133657,48586450
220,144480,31787.0,108071193,10233939,31343166,3129144,45326482
221,144480,32110.5,109171995,10559560,31568832,3231984,45580876
222,144480,30842.3,104858954,9856514,29367401,2899050,44237022
223,144480,30405.2,103373190,9873086,28841458,2886041,43538076
224,144480,31156.4,105927540,9883694,29573612,2937890,44880018
225,144480,34264.3,116494132,11180612,34648517,3418856,48371539
226,144480,30704.1,104388409,9963105,29694897,2964297,43809362
227,144480,31200.8,106077644,9905217,30017368,2939619,44653474
228,144480,36894.5,125435718,11672595,37839330,3701813,52427909
229,144480,35082.5,119276308,11092831,36494494,3391982,49477336
230,144480,30740.4,104513127,9792595,29127786,2881180,44172420
231,144480,29995.8,101981571,9802806,28943732,2875262,42601874
232,144480,30982.9,105337440,10030317,30139545,3005117,44131173
233,144480,31569.7,107332902,10048838,30215332,2967271,45346195
234,144480,30991.3,105366540,9880432,29667316,2914426,44395843
235,144480,31787.3,108071144,10084569,31344565,2946800,44824339
236,144480,37058.5,125993591,11692118,38737717,3507706,51962214
237,144480,32555.3,110684212,10271510,32011202,2980083,45797939
238,144480,31864.7,108335894,10158372,31521206,3004989,45098797
239,144480,30609.1,104065666,9798297,29430060,2899736,43730005
240,144480,31545.7,107251940,10325387,31031797,3158904,44875465
241,144480,30514.3,103743500,9867551,29052365,2900458,43797204
242,144480,32511.7,110536122,10114432,30875903,3112867,46823814
243,144480,33980.6,115528495,11509982,32409068,3058854,48182505
244,144480,33201.3,112880068,10132399,33432751,2995584,46728434
245,144480,32540.0,110631835,10530064,31430742,3121542,46649987
246,144480,31996.7,108783643,10261568,31009849,3103704,45666596
247,144480,31015.2,105447977,9959495,30128964,2977285,44138162
248,144480,33660.8,114441818,10306874,35913981,3077136,46337420
249,144480,31954.6,108640438,10659879,31325850,3310874,45062972
250,144480,31150.9,105908337,9829328,30354710,2910025,44124632
251,144480,31301.6,106421870,10932356,30105334,2920077,44419071
252,144480,30930.2,105158563,9823634,29901085,2917982,44012497
253,144480,30103.9,102349016,9777381,28857966,2904150,43239744
254,144480,33285.3,113164648,10205510,32893791,2945010,47688571
255,144480,31570.6,107335784,9965977,30154186,2989707,45365372
256,144480,31054.3,105579721,9946373,29809865,2932349,44358701
257,144480,32229.0,109574928,10125650,31344134,3059359,46217600
258,144480,30985.3,105344883,9927837,29703400,2930814,44296219
259,144480,32920.1,111924189,10649503,32304057,3180734,46918599
260,144480,31442.4,106899264,10053811,30355067,2931768,44893966
261,144480,32402.0,110162907,10281636,31338668,3027220,46404419
262,144480,31281.4,106352354,9897485,30162586,2885185,44557159
263,144480,31385.6,106706994,9869357,31107836,2922395,44331317
264,144480,30211.1,102713354,9851157,28622180,2903208,43214872
265,144480,29431.3,100062788,9720793,28046850,2844947,41956716
266,144480,30214.3,102724676,9797767,28931941,2894873,43076306
267,144480,30042.5,102140760,9813716,28969506,2840144,42680790
268,144480,33931.5,115362354,10633191,33616077,3169458,48459076
269,144480,35656.6,121227993,11399270,36336628,3476975,50522376
270,144480,31024.7,105479526,10035211,29601565,3017082,44391363
271,144480,31133.2,105848837,10142231,29995226,3280844,44211610
272,144480,33846.7,115074085,10436745,33245916,3231086,48615561
273,144480,31847.7,108275856,9859948,30414490,2917091,45857170
274,144480,34062.7,115807400,10730781,34047487,3255957,48261593
275,144480,36967.3,125683278,11850575,37791686,3661623,50857432
276,144480,34174.0,116184522,10847866,33936219,3099161,48262888
277,144480,40661.5,138243657,12630207,43454653,3966716,56879988
278,144480,32535.2,110615705,10354320,32554800,3077345,45869706
279,144480,43626.7,148326870,14318753,47334519,4540039,61397051
280,144480,32125.4,109221875,10061313,31560828,2938154,45667158
281,144480,32089.2,109099265,9984882,32132747,2930938,45176970
282,144480,31840.0,108250781,10120278,31429217,2960969,45125382
283,144480,35443.4,120503038,11318427,35933946,3446401,50033941
284,144480,31162.0,105944575,10012737,30115502,2928656,44306090
285,144480,32014.3,108844336,10000348,30880216,2950625,45925418
286,144480,32171.8,109380343,10137383,31612011,2968804,45919812
287,144480,31635.5,107555903,9980974,31063392,2913934,44743727
288,144480,31271.9,106319272,10013605,30200121,2940246,44465061
289,144480,36089.2,122698078,12255503,36625207,3679654,51045600
290,144480,31149.7,105902616,9887743,29879280,2893363,44420237
291,144480,31709.3,107807877,9898283,30926079,2935448,45140511
292,144480,37456.0,127346994,11616398,39570712,3518957,52472389
293,144480,33746.8,114734833,10558959,33476083,3143104,47950070
294,144480,34256.3,116465606,10569071,35506438,3177398,47283174
295,144480,32708.4,111204273,10309178,31330532,3305017,46560908
296,144480,34493.4,117273208,12002849,33316657,3299234,49330194
297,144480,33797.4,114906706,10633913,34690561,3131230,47286868
298,144480,31767.3,108004805,10232497,30839700,2964324,44924419
299,144480,32466.5,110379742,10074313,32107120,2905917,46040273
300,144480,32652.5,111013802,10038502,31936028,2929509,46468863
301,144480,32319.7,109882999,10183778,31588753,2953877,45951340
302,144480,30672.8,104281828,9797736,29612799,2953237,43609035
303,144480,31795.9,108101263,9881168,30833784,2928206,45396786
304,144480,30680.3,104309249,9794230,29379442,2904904,43896467
305,144480,34206.7,116298360,10880599,34360662,3284400,48369439
306,144480,31203.0,106084134,9876734,29812982,2927376,44643304
307,144480,35721.7,121449629,11231591,36248636,3424571,50747343
308,144480,33729.3,114675982,10809383,34201130,3143185,47275283
309,144480,30611.3,104073408,9913153,29567630,2928307,43607837
310,144480,35408.6,120383225,11733549,35766092,3901661,50308979
311,144480,32076.1,109054527,10103287,31367531,2991518,45410389
312,144480,31494.2,107075585,10049952,30838729,2951727,44344662
313,144480,36499.3,124092866,11395282,38200081,3546995,51304025
314,144480,31530.1,107195608,9842629,29998290,2901168,45343046
315,144480,32693.0,111152086,10172292,31997734,2989881,46421880
316,144480,31463.7,106971168,9930759,30184045,2935866,44166542
317,144480,30613.7,104080426,9814379,29564119,2903593,43427211
318,144480,32551.3,110668470,10031481,31762373,3003965,46550371
319,144480,33502.5,113902585,10469621,33500419,3080553,47200080
320,144480,31033.0,105508491,9986465,29970551,2979681,44125109
321,144480,32266.1,109701065,9962598,31214908,2964556,45486630
322,144480,34878.8,118584554,10164035,34887122,3000323,49836050
323,144480,32445.5,110309804,10023271,30962441,2936704,46676708
324,144480,33982.3,115536287,9612843,31124764,2969554,51396298
325,144480,28759.9,97780668,9450997,27259105,2734250,41144345
326,144480,28023.2,95277214,9368349,26285241,2711051,39837575
327,144480,29245.1,99428665,9406311,28280255,2756301,41525411
328,144480,28894.0,98234840,9326917,27038422,2733696,41457126
329,144480,30312.4,103058811,10086035,29280942,2971706,43211127
330,144480,29443.5,100103327,9676538,28280365,2790405,41935261
331,144480,28928.4,98352854,9388744,28037589,2852392,41046841
332,144480,29063.5,98812194,9305207,28189201,2751135,41145992
333,144480,29602.5,100645216,10221321,27682522,2775134,42841977
334,144480,27841.6,94657802,9324442,26138663,2747731,39931769
335,144480,28187.7,95834457,9507174,26992888,2725398,39978086
336,144480,31101.5,105740201,10149456,29078090,2738686,44250305
337,144480,29355.8,99806184,9873217,28069170,2784670,41698103
338,144480,29184.1,99222302,9328796,27620498,2744185,42743747
339,144480,29080.9,98870031,9480425,28016918,2742165,41309472
340,144480,28287.1,96172434,9205298,26974191,2726699,40362929
341,144480,28664.2,97453486,9300639,27619006,2694542,40438086
342,144480,29538.2,100426242,9455721,28752358,2703646,41952593
343,144480,27370.3,93057864,9110703,25688710,2691146,39208868
344,144480,27865.6,94739912,9200061,26135564,2960089,39912715
345,144480,29921.9,101729901,9477296,28114454,3546876,41804223
346,144480,30965.6,105279127,10044796,30985761,2781145,43124634
347,144480,30291.5,102987306,9552516,29827964,2782018,42961922
348,144480,29474.8,100210509,9605373,29852869,2697416,40376442
349,144480,27596.1,93823343,9232480,26254311,2680171,39313437
350,144480,28064.3,95414438,9264647,26778329,2678237,40311258
351,144480,29244.4,99427421,9586391,28022150,2758304,40906350
352,144480,28755.1,97762512,9460330,27566387,2787471,41010962
353,144480,28672.6,97483593,9519765,27452480,2784320,40529460
354,144480,29243.5,99424157,10286821,28149905,2772961,40857966
355,144480,29146.2,99093337,9452169,27572713,2757344,41182364
356,144480,29400.9,99960238,9819341,28407666,2779059,40688565
357,144480,29291.7,99589434,9745775,28272885,2816371,41536763
358,144480,29625.4,100723025,9425947,29167654,2760401,41948638
359,144480,29824.4,101400135,10313035,28027775,2893662,42023900
360,144480,30791.5,104687391,11202256,29601977,2810273,43183845
361,144480,28226.0,95965782,9438688,26441829,3134890,40249429
362,144480,30458.5,103554443,10409475,28220976,2879919,43411130
363,144480,30552.3,103874077,10382177,29281899,2734051,43871640
364,144480,30556.1,103887133,9614259,30747431,2774987,42081080
365,144480,28801.7,97922343,9779970,26961457,2853903,40875696
366,144480,28021.3,95270278,10272572,25798086,2802904,39345103
367,144480,29227.4,99369230,9790800,27704991,2684370,41248817
368,144480,28370.3,96455723,9123286,28379207,2663720,39425135
369,144480,27884.0,94801551,9786973,26355862,2711816,39232660
370,144480,28707.3,97600128,9405798,27366352,2793547,40698894
371,144480,29675.7,100893739,9731545,27840691,3145694,42718921
372,144480,29170.3,99173988,9478209,28157008,2750212,41718582
373,144480,28132.0,95643700,9192960,27093340,2688903,39861207
374,144480,28613.6,97283177,10396763,27169805,2686467,39806274
375,144480,33915.4,115308246,11339143,34559335,3647740,47941277
376,144480,29104.7,98952716,9413503,28391492,2742077,41029015
377,144480,29541.9,100438754,9635275,28921669,2765497,41681277
378,144480,28252.4,96055304,9382342,26689298,2779826,40495835
379,144480,30929.4,105156489,9931459,30066916,2869380,44031411
380,144480,32999.6,112194826,9525440,29657025,2915302,50372025
381,144480,28771.9,97819701,9602996,27505599,2827302,40969595
382,144480,28710.6,97612736,9617177,27400151,2834403,41121905
383,144480,29404.2,99969641,9500875,28806031,2814790,41473440
384,144480,28037.5,95323795,9292152,26852660,2790601,39795133
385,144480,28516.5,96951896,9351505,27741675,2747276,40449513
386,144480,27647.6,93998621,9333798,26132515,2750567,39407794
387,144480,28356.6,96408252,9318497,27459523,2736392,40335128
388,144480,29859.1,101517568,9793834,29276513,2967131,42580060
389,144480,28230.3,95979553,9405586,27055579,2766516,40230066
390,144480,28802.9,97925978,9451720,27993454,2762760,40969191
391,144480,28477.9,96821199,9320105,27399259,2771720,40799613
392,144480,27686.9,94131646,9429649,26285835,2798313,39526366
393,144480,28279.4,96146520,9281765,27274510,2809275,40176583
394,144480,28335.5,96336546,9420920,27229129,2734849,40471068
395,144480,29085.4,98886138,9543532,28442738,2768662,41094417
396,144480,28616.6,97293006,9560071,27696576,2793183,40569391
397,144480,28820.9,97987586,9435189,28107357,2756001,40955722
398,144480,27986.7,95151516,9281151,26894948,2786114,39764179
399,144480,27734.3,94293016,9306815,26520530,2767183,39527978
400,144480,27325.3,92902240,9346084,25761277,2761326,39046155
401,144480,31322.5,106492523,9275868,28385765,2887237,47491140
402,144480,28906.2,98276212,9402269,28130913,2756712,40795364
403,144480,27426.1,93245810,9246300,26313038,2734739,38874763
404,144480,27976.7,95115782,9432653,26966669,2773415,39725503
405,144480,29456.5,100148530,9774284,28961483,2887025,41505470
406,144480,29137.3,99063414,9809510,28594193,2901603,41073577
407,144480,28429.4,96656690,9654333,27346101,2899365,40535714
408,144480,28153.5,95718766,9637062,26934812,2986843,40158579
409,144480,28710.5,97611801,9743393,27721858,2913981,40667328
410,144480,26759.8,90979343,9144985,25061673,2693282,38246697
411,144480,28922.8,98332788,9906993,27822805,3080082,41115344
412,144480,28793.7,97895588,9977927,27353410,3010831,40950724
413,144480,27167.7,92367970,9401190,25267152,2793239,38864544
414,144480,29090.3,98902016,10011954,27862561,3035702,41473051
415,144480,29174.1,99188092,10061991,27879701,2977505,41659177
416,144480,28998.8,98591568,10026179,27708683,3020776,41290311
417,144480,27874.8,94769866,9733301,26338763,2915284,39726969
418,144480,28557.7,97092780,9747436,27380552,2954201,40535106
419,144480,27211.0,92515156,9159998,25723021,2716798,38872853
420,144480,27720.2,94247932,9424360,25925305,2768602,39872159
421,144480,29652.2,100815372,9682835,28584114,2811855,42125457
422,144480,31193.1,106052698,10250323,30784931,3085484,44084705
423,144480,31361.6,106625184,10007467,31054303,2984470,44224352
424,144480,31157.7,105931006,10168298,30701078,3161580,43838616
425,144480,27964.5,95075424,9291561,26710787,2749115,39755933
426,144480,27704.0,94189412,9315127,26288099,2724505,39324886
427,144480,27853.8,94698256,9422923,26292231,2771787,39831956
428,144480,27379.0,93085575,9292297,25614940,2759661,39344773
429,144480,26560.0,90300301,9193260,24599588,2741634,38180167
430,144480,26410.1,89789778,9258838,24527419,2723275,37835584
431,144480,27556.8,93688769,9365727,25952449,2763202,39324170
432,144480,26727.8,90870169,9208146,24983764,2762075,38056269
433,144480,27391.9,93128279,9252207,25931707,2704170,39196549
434,144480,26833.4,91229549,9207084,25066267,2707516,38459005
435,144480,26636.2,90560014,9158957,24825664,2714898,38248169
436,144480,29058.4,98794610,9265440,28457417,2747010,41234710
437,144480,26934.3,91574512,9198089,25464789,2718811,38206768
438,144480,27075.3,92053634,9364490,25591191,2739566,38540515
439,144480,26925.8,91545646,9249216,25374878,2757744,38391228
440,144480,26919.4,91522492,9156722,25379688,2722837,38393332
441,144480,27120.3,92205281,9249562,25568617,2682695,38709697
442,144480,25947.7,88220956,9059974,24036173,2668411,37166248
443,144480,27725.0,94262212,9194255,26957148,2738397,39239240
444,144480,26938.3,91588112,9213024,25578213,2728836,38236488
445,144480,27209.4,92509479,9197543,25891850,2702528,38749236
446,144480,28012.9,95240692,9546486,26868103,2883648,39828813
447,144480,27972.6,95103026,9465624,26895428,2806294,39579369
448,144480,26903.4,91468229,9140139,25596406,2681570,38271846
449,144480,26709.2,90808248,9159001,25218616,2702776,38097591
450,144480,26652.8,90616937,9205945,24905863,2706509,38160366
451,144480,27153.0,92317678,9294166,25766774,2734470,38527985
452,144480,30217.3,102735754,10537734,29713402,3183905,42531495
453,144480,25868.3,87949297,9058812,23834727,2665303,37111158
454,144480,27018.8,91861506,9174261,25766594,2729524,38380172
455,144480,26466.2,89982327,9138263,25006528,2688399,37587479
456,144480,26467.7,89987223,9092920,24850557,2714433,37719202
457,144480,26568.8,90330997,9139333,25034902,2686567,37814730
458,144480,26471.1,89998742,9114347,24794334,2729170,37797735
459,144480,26226.4,89166871,9078214,24376059,2676060,37587699
460,144480,26741.7,90919196,9128368,25272079,2679161,38173141
461,144480,27841.8,94658551,9352523,26734368,2744460,39497760
462,144480,27174.9,92391594,9215004,25865586,2730658,38615728
463,144480,27000.2,91797673,9292868,25666031,2654335,38335147
464,144480,26875.7,91374110,9234988,25469002,2739756,38189130
465,144480,26856.5,91311318,9215788,25476314,2683935,38188326
466,144480,26650.9,90612788,9104357,25216552,2680878,37944174
467,144480,26826.5,91208231,9136083,25518342,2673025,38157389
468,144480,26533.4,90212098,9184671,24886491,2717176,37807355
469,144480,26230.0,89179054,9088708,24439433,2703835,37608959
470,144480,27572.7,93743951,9187193,26717892,2712606,38935969
471,144480,26649.7,90606974,9193925,25065603,2698304,38043806
472,144480,26959.2,91659472,9309088,25708554,2722540,38223736
473,144480,27348.5,92982140,9329806,25968022,2759488,38996879
474,144480,27969.8,95094327,9340596,26983810,2766696,39631938
475,144480,30757.2,104570088,9651937,30712681,2844480,43307044
476,144480,26475.9,90014893,9215390,24461106,2768884,38001140
477,144480,26573.8,90348098,9125725,24958933,2667565,37970358
478,144480,27486.8,93452639,9228050,26231654,2713080,39181183
479,144480,26651.4,90612195,9203307,25028495,2706233,38056024
480,144480,26673.1,90685601,9241449,24841583,2722157,38218599
481,144480,27096.5,92125408,9212781,25891226,2719373,38478035
482,144480,27492.9,93472590,9384150,26090685,2750833,39174064
483,144480,26186.8,89030440,9281324,24167522,2714812,37366824
484,144480,26152.4,88915146,9070029,24195792,2684283,37490518
485,144480,26378.5,89684554,9069143,24807520,2677480,37612754
486,144480,26690.0,90742628,9183269,25128419,2723107,37939218
487,144480,26963.0,91671141,9153412,25723563,2699318,38214230
488,144480,26905.5,91475974,9240099,25415607,2724273,38391258
489,144480,26700.7,90780646,9131829,25275769,2670244,37983910
490,144480,26626.3,90527856,9179155,25076758,2697322,37953728
491,144480,26541.6,90238510,9228950,24834019,2714532,37917208
492,144480,27419.2,93222470,9584416,25759960,2809631,39083664
493,144480,27178.9,92406663,9413965,25479046,2775265,38815284
494,144480,27268.8,92711846,9287171,25872962,2729747,38734304
495,144480,27251.9,92654216,9245481,26055109,2702988,38674050
496,144480,27227.7,92570894,9370596,25748081,2722070,38789014
497,144480,26839.4,91249847,9176764,25479053,2680293,38132196
498,144480,26842.2,91260006,9262376,25313236,2738166,38136247
499,144480,26562.0,90306857,9241345,24873398,2685151,37914486
500,144480,26470.9,89999632,9131519,24706936,2713209,37958367
501,144480,26954.0,91641322,9179582,25611909,2715439,38385193
502,144480,26533.0,90209712,9181322,24748363,2738074,38084881
503,144480,26860.1,91322158,9192806,25348924,2709341,38337408
504,144480,26897.9,91450039,9298547,25302905,2685797,38274600
505,144480,27339.8,92951812,9220393,26134781,2709234,38968217
506,144480,26885.6,91407600,9185890,25510283,2687580,38252721
507,144480,26692.9,90753820,9129292,25376239,2710984,37920999
508,144480,26705.4,90795505,9086485,25216965,2704740,38026102
509,144480,27563.5,93713114,9249487,26740628,2712180,38783688
510,144480,26434.2,89873935,9134603,24700423,2672522,37706601
511,144480,26901.8,91463598,9341596,25193414,2792791,38494462
512,144480,26486.3,90050633,9159426,24842625,2680653,37763859
513,144480,26674.2,90689520,9179211,24972450,2711764,38227645
514,144480,26982.3,91737033,9240844,25573638,2680329,38465844
515,144480,26785.1,91066750,9209788,25233754,2764878,38172544
516,144480,26954.4,91641860,9278626,25401382,2759454,38474188
517,144480,26656.4,90628592,9211436,25168425,2730880,38008641
518,144480,26809.2,91147745,9126202,25360465,2874834,38063472
519,144480,27339.4,92950690,9274324,26050079,2805151,38881773
520,144480,26509.2,90128255,9161799,24853112,2688361,37772564
521,144480,26865.1,91338036,9258016,25115422,2761781,38477934
522,144480,26929.4,91555677,9178026,25464936,2706788,38366566
523,144480,27351.7,92992891,9233533,26137713,2710525,38922747
524,144480,26722.3,90853044,9252660,24827028,2715280,38415005
525,144480,26522.7,90174359,9226562,24764501,2689331,37778391
526,144480,27161.7,92346788,9510753,25670277,2778493,38647948
527,144480,26637.8,90566304,9105302,25013520,2724575,38114748
528,144480,26622.8,90515005,9294916,24765676,2704218,37963694
529,144480,26812.5,91159876,9255000,25369621,2730523,38157870
530,144480,26516.7,90152701,9162800,24770132,2695457,37913787
531,144480,26498.4,90093404,9215282,24786304,2672289,37862989
532,144480,27008.5,91825868,9252144,25524140,2742447,38623869
533,144480,26616.2,90492463,9168377,25202537,2698332,37821301
534,144480,27206.5,92499720,9348796,25730262,2726347,38772196
535,144480,26923.9,91538065,9194255,25402187,2698731,38404072
536,144480,27752.5,94355610,9519691,26122942,3075749,38686512
537,144480,28271.7,96120751,9799408,26671105,2696326,39936625
538,144480,29085.8,98888527,9686495,28135853,2739920,41010171
539,144480,27325.0,92902314,9505626,25086505,2766302,39311304
540,144480,28438.5,96688517,10162188,25898088,2899283,41077476
541,144480,28868.1,98148310,10258983,27788057,2767892,40238310
542,144480,29441.2,100096272,10099333,27963460,2915121,41939851
543,144480,27147.7,92300956,9585833,24912500,2754369,38698772
544,144480,27240.5,92614402,9522071,25011459,2771056,39062249
545,144480,27397.8,93149698,9513522,25533210,2777588,39250305
546,144480,28594.4,97218920,9571382,26373476,3245011,41305568
547,144480,28699.0,97573880,9609330,26742093,2774739,41178591
548,144480,27060.2,92002130,9568765,24735896,2817209,38979054
549,144480,27110.0,92172028,9443470,24648380,2761122,39026286
550,144480,27104.2,92152988,9571712,25015101,2913697,38718460
551,144480,28034.2,95313628,9742425,26056854,2824301,39823293
552,144480,27495.0,93480858,9644089,25510256,2777427,39405513
553,144480,29726.3,101067142,10289484,27918150,2894054,42401912
554,144480,28124.6,95621260,9814516,26238979,2787948,40090967
555,144480,28855.2,98105433,9614702,26893705,2762487,41433872
556,144480,29453.8,100140846,10427653,28781762,2777821,40625545
557,144480,27254.7,92664008,9577240,25544088,2738246,38560004
558,144480,26897.9,91450987,9693609,24349155,2646738,37865365
559,144480,27246.6,92636842,9164557,25227141,2675478,39611854
560,144480,25770.6,87618204,9182359,23642035,2638183,36887389
561,144480,26150.3,88909456,8982050,24777771,2656669,37087897
562,144480,26699.5,90773707,9107083,24456615,2777247,38891809
563,144480,26880.4,91388770,9094928,25062574,2652791,38659431
564,144480,28107.9,95564069,9165630,27904957,2652311,40046972
565,144480,27882.1,94796179,9637855,26707265,2678424,39670050
566,144480,26989.8,91762634,9379676,25010609,2648172,38868102
567,144480,27788.4,94477735,9126787,27033542,2690576,39398752
568,144480,27060.9,92004850,9131105,25988718,2656617,38326359
569,144480,28035.2,95316957,9672934,26772449,2929706,39911028
570,144480,26575.7,90355986,9231360,24999214,2657744,37649455
571,144480,26844.4,91268954,9055760,25226622,2694810,38535433
572,144480,27080.9,92072884,9182136,25554307,2686362,38793801
573,144480,28918.0,98317627,10044827,27949854,3065727,40330596
574,144480,28127.2,95629213,10367917,25747222,2783656,40179157
575,144480,28613.7,97283690,9943238,27108233,2653799,41276781
576,144480,26801.4,91122244,9097620,25019354,2668801,38026559
577,144480,26745.8,90933612,9070732,25286938,2684154,38187980
578,144480,27514.0,93543993,9656800,25830372,2667750,39234430
579,144480,26600.6,90439558,9448534,25058623,2629765,37629314
580,144480,27521.5,93572522,9601719,26269039,2739949,38104144
581,144480,27371.4,93060958,9615608,25983008,2703578,38752782
582,144480,26533.6,90211145,9024190,24970428,2682508,37906281
583,144480,27474.9,93412413,9272158,25522205,2734587,39722008
584,144480,27890.6,94825351,9738045,25902958,3049125,39257729
585,144480,26694.0,90756370,9054136,24981388,2646530,38223646
586,144480,27776.0,94435133,9087008,25888983,2651259,40551584
587,144480,26504.3,90112614,9003236,25077892,2635924,37471139
588,144480,27253.3,92659010,9606855,25889178,3315449,38253304
589,144480,26867.6,91347321,9465631,24636302,2645528,38809875
590,144480,26411.7,89797128,9077182,24506696,2676942,37507413
591,144480,27288.7,92779336,9114975,25257018,2652730,39933774
592,144480,28075.9,95455136,9338876,26746680,2711595,40331350
593,144480,27648.0,94000378,9248149,25997415,2695869,39679554
594,144480,26929.5,91556849,9198838,25206766,2677518,38642664
595,144480,27581.5,93772816,9584493,25831223,2822828,39326260
596,144480,31931.3,108562989,10452362,30268008,3022080,46112266
597,144480,27367.2,93045114,9468849,25895874,2666754,38950550
598,144480,27148.0,92299899,9768202,24836281,2666613,39124384
599,144480,27864.3,94735118,9510824,26038490,2638579,40300153
600,144480,26545.2,90251606,9562140,24797738,2630936,37993455
